fold,model,accuracy,precision_ON,recall_ON,f1_ON,f1_macro,roc_auc
0,Threshold rule,1.0000,1.0000,1.0000,1.0000,1.0000,1.0000
0,Gaussian NB,0.9500,0.9375,1.0000,0.9677,0.9283,1.0000
0,Logistic Regression,0.9500,0.9375,1.0000,0.9677,0.9283,1.0000
0,Decision Tree,1.0000,1.0000,1.0000,1.0000,1.0000,1.0000
0,KNN (k=5),0.9500,0.9375,1.0000,0.9677,0.9283,0.9933
0,SVM (RBF),0.9500,0.9375,1.0000,0.9677,0.9283,1.0000
0,Random Forest,1.0000,1.0000,1.0000,1.0000,1.0000,1.0000
1,Threshold rule,1.0000,1.0000,1.0000,1.0000,1.0000,1.0000
1,Gaussian NB,1.0000,1.0000,1.0000,1.0000,1.0000,1.0000
1,Logistic Regression,1.0000,1.0000,1.0000,1.0000,1.0000,1.0000
1,Decision Tree,1.0000,1.0000,1.0000,1.0000,1.0000,1.0000
1,KNN (k=5),0.9500,1.0000,0.9333,0.9655,0.9373,1.0000
1,SVM (RBF),1.0000,1.0000,1.0000,1.0000,1.0000,1.0000
1,Random Forest,1.0000,1.0000,1.0000,1.0000,1.0000,1.0000
2,Threshold rule,1.0000,1.0000,1.0000,1.0000,1.0000,1.0000
2,Gaussian NB,0.9500,0.9375,1.0000,0.9677,0.9283,1.0000
2,Logistic Regression,0.9500,0.9375,1.0000,0.9677,0.9283,1.0000
2,Decision Tree,1.0000,1.0000,1.0000,1.0000,1.0000,1.0000
2,KNN (k=5),0.9500,0.9375,1.0000,0.9677,0.9283,0.9867
2,SVM (RBF),0.9500,0.9375,1.0000,0.9677,0.9283,1.0000
2,Random Forest,1.0000,1.0000,1.0000,1.0000,1.0000,1.0000
3,Threshold rule,1.0000,1.0000,1.0000,1.0000,1.0000,1.0000
3,Gaussian NB,0.9500,0.9375,1.0000,0.9677,0.9283,1.0000
3,Logistic Regression,0.9500,0.9375,1.0000,0.9677,0.9283,1.0000
3,Decision Tree,1.0000,1.0000,1.0000,1.0000,1.0000,1.0000
3,KNN (k=5),0.9000,0.8824,1.0000,0.9375,0.8438,1.0000
3,SVM (RBF),0.9000,0.8824,1.0000,0.9375,0.8438,1.0000
3,Random Forest,1.0000,1.0000,1.0000,1.0000,1.0000,1.0000
4,Threshold rule,1.0000,1.0000,1.0000,1.0000,1.0000,1.0000
4,Gaussian NB,1.0000,1.0000,1.0000,1.0000,1.0000,1.0000
4,Logistic Regression,1.0000,1.0000,1.0000,1.0000,1.0000,1.0000
4,Decision Tree,1.0000,1.0000,1.0000,1.0000,1.0000,1.0000
4,KNN (k=5),1.0000,1.0000,1.0000,1.0000,1.0000,1.0000
4,SVM (RBF),1.0000,1.0000,1.0000,1.0000,1.0000,1.0000
4,Random Forest,1.0000,1.0000,1.0000,1.0000,1.0000,1.0000
5,Threshold rule,1.0000,1.0000,1.0000,1.0000,1.0000,1.0000
5,Gaussian NB,0.9500,0.9375,1.0000,0.9677,0.9283,1.0000
5,Logistic Regression,0.9500,0.9375,1.0000,0.9677,0.9283,1.0000
5,Decision Tree,1.0000,1.0000,1.0000,1.0000,1.0000,1.0000
5,KNN (k=5),0.9500,0.9375,1.0000,0.9677,0.9283,1.0000
5,SVM (RBF),0.9500,0.9375,1.0000,0.9677,0.9283,1.0000
5,Random Forest,1.0000,1.0000,1.0000,1.0000,1.0000,1.0000
6,Threshold rule,1.0000,1.0000,1.0000,1.0000,1.0000,1.0000
6,Gaussian NB,1.0000,1.0000,1.0000,1.0000,1.0000,1.0000
6,Logistic Regression,1.0000,1.0000,1.0000,1.0000,1.0000,1.0000
6,Decision Tree,1.0000,1.0000,1.0000,1.0000,1.0000,1.0000
6,KNN (k=5),1.0000,1.0000,1.0000,1.0000,1.0000,1.0000
6,SVM (RBF),1.0000,1.0000,1.0000,1.0000,1.0000,1.0000
6,Random Forest,1.0000,1.0000,1.0000,1.0000,1.0000,1.0000
7,Threshold rule,1.0000,1.0000,1.0000,1.0000,1.0000,1.0000
7,Gaussian NB,1.0000,1.0000,1.0000,1.0000,1.0000,1.0000
7,Logistic Regression,1.0000,1.0000,1.0000,1.0000,1.0000,1.0000
7,Decision Tree,1.0000,1.0000,1.0000,1.0000,1.0000,1.0000
7,KNN (k=5),1.0000,1.0000,1.0000,1.0000,1.0000,1.0000
7,SVM (RBF),1.0000,1.0000,1.0000,1.0000,1.0000,1.0000
7,Random Forest,1.0000,1.0000,1.0000,1.0000,1.0000,1.0000
8,Threshold rule,1.0000,1.0000,1.0000,1.0000,1.0000,1.0000
8,Gaussian NB,1.0000,1.0000,1.0000,1.0000,1.0000,1.0000
8,Logistic Regression,1.0000,1.0000,1.0000,1.0000,1.0000,1.0000
8,Decision Tree,1.0000,1.0000,1.0000,1.0000,1.0000,1.0000
8,KNN (k=5),0.9500,0.9375,1.0000,0.9677,0.9283,1.0000
8,SVM (RBF),0.9500,0.9375,1.0000,0.9677,0.9283,1.0000
8,Random Forest,1.0000,1.0000,1.0000,1.0000,1.0000,1.0000
9,Threshold rule,1.0000,1.0000,1.0000,1.0000,1.0000,1.0000
9,Gaussian NB,1.0000,1.0000,1.0000,1.0000,1.0000,1.0000
9,Logistic Regression,0.9500,0.9375,1.0000,0.9677,0.9283,1.0000
9,Decision Tree,1.0000,1.0000,1.0000,1.0000,1.0000,1.0000
9,KNN (k=5),0.9500,0.9375,1.0000,0.9677,0.9283,0.8933
9,SVM (RBF),0.9500,0.9375,1.0000,0.9677,0.9283,1.0000
9,Random Forest,1.0000,1.0000,1.0000,1.0000,1.0000,1.0000
10,Threshold rule,1.0000,1.0000,1.0000,1.0000,1.0000,1.0000
10,Gaussian NB,0.9500,0.9375,1.0000,0.9677,0.9283,1.0000
10,Logistic Regression,0.9500,0.9375,1.0000,0.9677,0.9283,1.0000
10,Decision Tree,1.0000,1.0000,1.0000,1.0000,1.0000,1.0000
10,KNN (k=5),0.9500,0.9375,1.0000,0.9677,0.9283,1.0000
10,SVM (RBF),0.9500,0.9375,1.0000,0.9677,0.9283,1.0000
10,Random Forest,1.0000,1.0000,1.0000,1.0000,1.0000,1.0000
11,Threshold rule,1.0000,1.0000,1.0000,1.0000,1.0000,1.0000
11,Gaussian NB,0.9500,0.9375,1.0000,0.9677,0.9283,1.0000
11,Logistic Regression,0.9500,0.9375,1.0000,0.9677,0.9283,1.0000
11,Decision Tree,1.0000,1.0000,1.0000,1.0000,1.0000,1.0000
11,KNN (k=5),0.9500,0.9375,1.0000,0.9677,0.9283,1.0000
11,SVM (RBF),0.9500,0.9375,1.0000,0.9677,0.9283,1.0000
11,Random Forest,1.0000,1.0000,1.0000,1.0000,1.0000,1.0000
12,Threshold rule,1.0000,1.0000,1.0000,1.0000,1.0000,1.0000
12,Gaussian NB,1.0000,1.0000,1.0000,1.0000,1.0000,1.0000
12,Logistic Regression,1.0000,1.0000,1.0000,1.0000,1.0000,1.0000
12,Decision Tree,1.0000,1.0000,1.0000,1.0000,1.0000,1.0000
12,KNN (k=5),0.9500,0.9375,1.0000,0.9677,0.9283,0.9800
12,SVM (RBF),0.9000,0.8824,1.0000,0.9375,0.8438,1.0000
12,Random Forest,1.0000,1.0000,1.0000,1.0000,1.0000,1.0000
13,Threshold rule,1.0000,1.0000,1.0000,1.0000,1.0000,1.0000
13,Gaussian NB,1.0000,1.0000,1.0000,1.0000,1.0000,1.0000
13,Logistic Regression,1.0000,1.0000,1.0000,1.0000,1.0000,1.0000
13,Decision Tree,1.0000,1.0000,1.0000,1.0000,1.0000,1.0000
13,KNN (k=5),1.0000,1.0000,1.0000,1.0000,1.0000,1.0000
13,SVM (RBF),1.0000,1.0000,1.0000,1.0000,1.0000,1.0000
13,Random Forest,1.0000,1.0000,1.0000,1.0000,1.0000,1.0000
14,Threshold rule,1.0000,1.0000,1.0000,1.0000,1.0000,1.0000
14,Gaussian NB,1.0000,1.0000,1.0000,1.0000,1.0000,1.0000
14,Logistic Regression,0.9500,0.9375,1.0000,0.9677,0.9283,1.0000
14,Decision Tree,1.0000,1.0000,1.0000,1.0000,1.0000,1.0000
14,KNN (k=5),0.9500,0.9375,1.0000,0.9677,0.9283,0.9933
14,SVM (RBF),0.9500,0.9375,1.0000,0.9677,0.9283,1.0000
14,Random Forest,1.0000,1.0000,1.0000,1.0000,1.0000,1.0000
15,Threshold rule,1.0000,1.0000,1.0000,1.0000,1.0000,1.0000
15,Gaussian NB,1.0000,1.0000,1.0000,1.0000,1.0000,1.0000
15,Logistic Regression,1.0000,1.0000,1.0000,1.0000,1.0000,1.0000
15,Decision Tree,1.0000,1.0000,1.0000,1.0000,1.0000,1.0000
15,KNN (k=5),1.0000,1.0000,1.0000,1.0000,1.0000,1.0000
15,SVM (RBF),1.0000,1.0000,1.0000,1.0000,1.0000,1.0000
15,Random Forest,1.0000,1.0000,1.0000,1.0000,1.0000,1.0000
16,Threshold rule,1.0000,1.0000,1.0000,1.0000,1.0000,1.0000
16,Gaussian NB,0.9500,0.9375,1.0000,0.9677,0.9283,1.0000
16,Logistic Regression,0.9500,0.9375,1.0000,0.9677,0.9283,1.0000
16,Decision Tree,1.0000,1.0000,1.0000,1.0000,1.0000,1.0000
16,KNN (k=5),0.9500,0.9375,1.0000,0.9677,0.9283,1.0000
16,SVM (RBF),0.9500,0.9375,1.0000,0.9677,0.9283,1.0000
16,Random Forest,1.0000,1.0000,1.0000,1.0000,1.0000,1.0000
17,Threshold rule,1.0000,1.0000,1.0000,1.0000,1.0000,1.0000
17,Gaussian NB,1.0000,1.0000,1.0000,1.0000,1.0000,1.0000
17,Logistic Regression,1.0000,1.0000,1.0000,1.0000,1.0000,1.0000
17,Decision Tree,1.0000,1.0000,1.0000,1.0000,1.0000,1.0000
17,KNN (k=5),1.0000,1.0000,1.0000,1.0000,1.0000,1.0000
17,SVM (RBF),1.0000,1.0000,1.0000,1.0000,1.0000,1.0000
17,Random Forest,1.0000,1.0000,1.0000,1.0000,1.0000,1.0000
18,Threshold rule,1.0000,1.0000,1.0000,1.0000,1.0000,1.0000
18,Gaussian NB,1.0000,1.0000,1.0000,1.0000,1.0000,1.0000
18,Logistic Regression,0.9500,0.9375,1.0000,0.9677,0.9283,1.0000
18,Decision Tree,1.0000,1.0000,1.0000,1.0000,1.0000,1.0000
18,KNN (k=5),0.9000,0.9333,0.9333,0.9333,0.8667,0.8800
18,SVM (RBF),0.9500,0.9375,1.0000,0.9677,0.9283,1.0000
18,Random Forest,1.0000,1.0000,1.0000,1.0000,1.0000,1.0000
19,Threshold rule,1.0000,1.0000,1.0000,1.0000,1.0000,1.0000
19,Gaussian NB,1.0000,1.0000,1.0000,1.0000,1.0000,1.0000
19,Logistic Regression,1.0000,1.0000,1.0000,1.0000,1.0000,1.0000
19,Decision Tree,1.0000,1.0000,1.0000,1.0000,1.0000,1.0000
19,KNN (k=5),1.0000,1.0000,1.0000,1.0000,1.0000,1.0000
19,SVM (RBF),1.0000,1.0000,1.0000,1.0000,1.0000,1.0000
19,Random Forest,1.0000,1.0000,1.0000,1.0000,1.0000,1.0000
20,Threshold rule,1.0000,1.0000,1.0000,1.0000,1.0000,1.0000
20,Gaussian NB,0.9500,0.9375,1.0000,0.9677,0.9283,1.0000
20,Logistic Regression,0.9500,0.9375,1.0000,0.9677,0.9283,1.0000
20,Decision Tree,1.0000,1.0000,1.0000,1.0000,1.0000,1.0000
20,KNN (k=5),0.9500,0.9375,1.0000,0.9677,0.9283,1.0000
20,SVM (RBF),0.9500,0.9375,1.0000,0.9677,0.9283,1.0000
20,Random Forest,1.0000,1.0000,1.0000,1.0000,1.0000,1.0000
21,Threshold rule,1.0000,1.0000,1.0000,1.0000,1.0000,1.0000
21,Gaussian NB,0.9500,0.9375,1.0000,0.9677,0.9283,1.0000
21,Logistic Regression,0.9500,0.9375,1.0000,0.9677,0.9283,1.0000
21,Decision Tree,1.0000,1.0000,1.0000,1.0000,1.0000,1.0000
21,KNN (k=5),0.9500,0.9375,1.0000,0.9677,0.9283,1.0000
21,SVM (RBF),0.9500,0.9375,1.0000,0.9677,0.9283,1.0000
21,Random Forest,1.0000,1.0000,1.0000,1.0000,1.0000,1.0000
22,Threshold rule,1.0000,1.0000,1.0000,1.0000,1.0000,1.0000
22,Gaussian NB,1.0000,1.0000,1.0000,1.0000,1.0000,1.0000
22,Logistic Regression,1.0000,1.0000,1.0000,1.0000,1.0000,1.0000
22,Decision Tree,1.0000,1.0000,1.0000,1.0000,1.0000,1.0000
22,KNN (k=5),1.0000,1.0000,1.0000,1.0000,1.0000,1.0000
22,SVM (RBF),1.0000,1.0000,1.0000,1.0000,1.0000,1.0000
22,Random Forest,1.0000,1.0000,1.0000,1.0000,1.0000,1.0000
23,Threshold rule,1.0000,1.0000,1.0000,1.0000,1.0000,1.0000
23,Gaussian NB,1.0000,1.0000,1.0000,1.0000,1.0000,1.0000
23,Logistic Regression,1.0000,1.0000,1.0000,1.0000,1.0000,1.0000
23,Decision Tree,1.0000,1.0000,1.0000,1.0000,1.0000,1.0000
23,KNN (k=5),1.0000,1.0000,1.0000,1.0000,1.0000,1.0000
23,SVM (RBF),1.0000,1.0000,1.0000,1.0000,1.0000,1.0000
23,Random Forest,1.0000,1.0000,1.0000,1.0000,1.0000,1.0000
24,Threshold rule,1.0000,1.0000,1.0000,1.0000,1.0000,1.0000
24,Gaussian NB,1.0000,1.0000,1.0000,1.0000,1.0000,1.0000
24,Logistic Regression,1.0000,1.0000,1.0000,1.0000,1.0000,1.0000
24,Decision Tree,1.0000,1.0000,1.0000,1.0000,1.0000,1.0000
24,KNN (k=5),0.9500,1.0000,0.9333,0.9655,0.9373,1.0000
24,SVM (RBF),1.0000,1.0000,1.0000,1.0000,1.0000,1.0000
24,Random Forest,1.0000,1.0000,1.0000,1.0000,1.0000,1.0000
25,Threshold rule,1.0000,1.0000,1.0000,1.0000,1.0000,1.0000
25,Gaussian NB,1.0000,1.0000,1.0000,1.0000,1.0000,1.0000
25,Logistic Regression,1.0000,1.0000,1.0000,1.0000,1.0000,1.0000
25,Decision Tree,1.0000,1.0000,1.0000,1.0000,1.0000,1.0000
25,KNN (k=5),1.0000,1.0000,1.0000,1.0000,1.0000,1.0000
25,SVM (RBF),1.0000,1.0000,1.0000,1.0000,1.0000,1.0000
25,Random Forest,1.0000,1.0000,1.0000,1.0000,1.0000,1.0000
26,Threshold rule,1.0000,1.0000,1.0000,1.0000,1.0000,1.0000
26,Gaussian NB,1.0000,1.0000,1.0000,1.0000,1.0000,1.0000
26,Logistic Regression,1.0000,1.0000,1.0000,1.0000,1.0000,1.0000
26,Decision Tree,1.0000,1.0000,1.0000,1.0000,1.0000,1.0000
26,KNN (k=5),0.9500,0.9375,1.0000,0.9677,0.9283,1.0000
26,SVM (RBF),0.9500,0.9375,1.0000,0.9677,0.9283,1.0000
26,Random Forest,1.0000,1.0000,1.0000,1.0000,1.0000,1.0000
27,Threshold rule,1.0000,1.0000,1.0000,1.0000,1.0000,1.0000
27,Gaussian NB,1.0000,1.0000,1.0000,1.0000,1.0000,1.0000
27,Logistic Regression,0.9500,0.9375,1.0000,0.9677,0.9283,1.0000
27,Decision Tree,1.0000,1.0000,1.0000,1.0000,1.0000,1.0000
27,KNN (k=5),0.9500,0.9375,1.0000,0.9677,0.9283,0.8933
27,SVM (RBF),0.9500,0.9375,1.0000,0.9677,0.9283,1.0000
27,Random Forest,1.0000,1.0000,1.0000,1.0000,1.0000,1.0000
28,Threshold rule,1.0000,1.0000,1.0000,1.0000,1.0000,1.0000
28,Gaussian NB,0.9000,0.8824,1.0000,0.9375,0.8438,1.0000
28,Logistic Regression,0.9000,0.8824,1.0000,0.9375,0.8438,1.0000
28,Decision Tree,1.0000,1.0000,1.0000,1.0000,1.0000,1.0000
28,KNN (k=5),0.9000,0.8824,1.0000,0.9375,0.8438,1.0000
28,SVM (RBF),0.9000,0.8824,1.0000,0.9375,0.8438,1.0000
28,Random Forest,1.0000,1.0000,1.0000,1.0000,1.0000,1.0000
29,Threshold rule,1.0000,1.0000,1.0000,1.0000,1.0000,1.0000
29,Gaussian NB,1.0000,1.0000,1.0000,1.0000,1.0000,1.0000
29,Logistic Regression,1.0000,1.0000,1.0000,1.0000,1.0000,1.0000
29,Decision Tree,1.0000,1.0000,1.0000,1.0000,1.0000,1.0000
29,KNN (k=5),0.9500,1.0000,0.9333,0.9655,0.9373,1.0000
29,SVM (RBF),1.0000,1.0000,1.0000,1.0000,1.0000,1.0000
29,Random Forest,1.0000,1.0000,1.0000,1.0000,1.0000,1.0000
30,Threshold rule,1.0000,1.0000,1.0000,1.0000,1.0000,1.0000
30,Gaussian NB,1.0000,1.0000,1.0000,1.0000,1.0000,1.0000
30,Logistic Regression,1.0000,1.0000,1.0000,1.0000,1.0000,1.0000
30,Decision Tree,1.0000,1.0000,1.0000,1.0000,1.0000,1.0000
30,KNN (k=5),1.0000,1.0000,1.0000,1.0000,1.0000,1.0000
30,SVM (RBF),1.0000,1.0000,1.0000,1.0000,1.0000,1.0000
30,Random Forest,1.0000,1.0000,1.0000,1.0000,1.0000,1.0000
31,Threshold rule,1.0000,1.0000,1.0000,1.0000,1.0000,1.0000
31,Gaussian NB,0.9500,0.9375,1.0000,0.9677,0.9283,1.0000
31,Logistic Regression,0.9500,0.9375,1.0000,0.9677,0.9283,1.0000
31,Decision Tree,1.0000,1.0000,1.0000,1.0000,1.0000,1.0000
31,KNN (k=5),0.9500,0.9375,1.0000,0.9677,0.9283,0.9867
31,SVM (RBF),0.9500,0.9375,1.0000,0.9677,0.9283,0.9867
31,Random Forest,1.0000,1.0000,1.0000,1.0000,1.0000,1.0000
32,Threshold rule,1.0000,1.0000,1.0000,1.0000,1.0000,1.0000
32,Gaussian NB,1.0000,1.0000,1.0000,1.0000,1.0000,1.0000
32,Logistic Regression,0.9500,0.9375,1.0000,0.9677,0.9283,1.0000
32,Decision Tree,1.0000,1.0000,1.0000,1.0000,1.0000,1.0000
32,KNN (k=5),0.9500,0.9375,1.0000,0.9677,0.9283,1.0000
32,SVM (RBF),0.9500,0.9375,1.0000,0.9677,0.9283,1.0000
32,Random Forest,1.0000,1.0000,1.0000,1.0000,1.0000,1.0000
33,Threshold rule,1.0000,1.0000,1.0000,1.0000,1.0000,1.0000
33,Gaussian NB,0.9500,0.9375,1.0000,0.9677,0.9283,1.0000
33,Logistic Regression,0.9500,0.9375,1.0000,0.9677,0.9283,1.0000
33,Decision Tree,1.0000,1.0000,1.0000,1.0000,1.0000,1.0000
33,KNN (k=5),1.0000,1.0000,1.0000,1.0000,1.0000,1.0000
33,SVM (RBF),0.9500,0.9375,1.0000,0.9677,0.9283,1.0000
33,Random Forest,1.0000,1.0000,1.0000,1.0000,1.0000,1.0000
34,Threshold rule,1.0000,1.0000,1.0000,1.0000,1.0000,1.0000
34,Gaussian NB,1.0000,1.0000,1.0000,1.0000,1.0000,1.0000
34,Logistic Regression,1.0000,1.0000,1.0000,1.0000,1.0000,1.0000
34,Decision Tree,1.0000,1.0000,1.0000,1.0000,1.0000,1.0000
34,KNN (k=5),1.0000,1.0000,1.0000,1.0000,1.0000,1.0000
34,SVM (RBF),0.9500,0.9375,1.0000,0.9677,0.9283,1.0000
34,Random Forest,1.0000,1.0000,1.0000,1.0000,1.0000,1.0000
35,Threshold rule,1.0000,1.0000,1.0000,1.0000,1.0000,1.0000
35,Gaussian NB,1.0000,1.0000,1.0000,1.0000,1.0000,1.0000
35,Logistic Regression,1.0000,1.0000,1.0000,1.0000,1.0000,1.0000
35,Decision Tree,1.0000,1.0000,1.0000,1.0000,1.0000,1.0000
35,KNN (k=5),1.0000,1.0000,1.0000,1.0000,1.0000,1.0000
35,SVM (RBF),1.0000,1.0000,1.0000,1.0000,1.0000,1.0000
35,Random Forest,1.0000,1.0000,1.0000,1.0000,1.0000,1.0000
36,Threshold rule,1.0000,1.0000,1.0000,1.0000,1.0000,1.0000
36,Gaussian NB,1.0000,1.0000,1.0000,1.0000,1.0000,1.0000
36,Logistic Regression,1.0000,1.0000,1.0000,1.0000,1.0000,1.0000
36,Decision Tree,1.0000,1.0000,1.0000,1.0000,1.0000,1.0000
36,KNN (k=5),1.0000,1.0000,1.0000,1.0000,1.0000,1.0000
36,SVM (RBF),1.0000,1.0000,1.0000,1.0000,1.0000,1.0000
36,Random Forest,1.0000,1.0000,1.0000,1.0000,1.0000,1.0000
37,Threshold rule,1.0000,1.0000,1.0000,1.0000,1.0000,1.0000
37,Gaussian NB,1.0000,1.0000,1.0000,1.0000,1.0000,1.0000
37,Logistic Regression,1.0000,1.0000,1.0000,1.0000,1.0000,1.0000
37,Decision Tree,1.0000,1.0000,1.0000,1.0000,1.0000,1.0000
37,KNN (k=5),1.0000,1.0000,1.0000,1.0000,1.0000,1.0000
37,SVM (RBF),1.0000,1.0000,1.0000,1.0000,1.0000,1.0000
37,Random Forest,1.0000,1.0000,1.0000,1.0000,1.0000,1.0000
38,Threshold rule,1.0000,1.0000,1.0000,1.0000,1.0000,1.0000
38,Gaussian NB,1.0000,1.0000,1.0000,1.0000,1.0000,1.0000
38,Logistic Regression,0.9500,0.9375,1.0000,0.9677,0.9283,1.0000
38,Decision Tree,1.0000,1.0000,1.0000,1.0000,1.0000,1.0000
38,KNN (k=5),0.9500,0.9375,1.0000,0.9677,0.9283,0.8933
38,SVM (RBF),0.9500,0.9375,1.0000,0.9677,0.9283,1.0000
38,Random Forest,1.0000,1.0000,1.0000,1.0000,1.0000,1.0000
39,Threshold rule,1.0000,1.0000,1.0000,1.0000,1.0000,1.0000
39,Gaussian NB,0.9500,0.9375,1.0000,0.9677,0.9283,1.0000
39,Logistic Regression,0.9500,0.9375,1.0000,0.9677,0.9283,1.0000
39,Decision Tree,1.0000,1.0000,1.0000,1.0000,1.0000,1.0000
39,KNN (k=5),0.9000,0.8824,1.0000,0.9375,0.8438,0.9800
39,SVM (RBF),0.9000,0.8824,1.0000,0.9375,0.8438,1.0000
39,Random Forest,1.0000,1.0000,1.0000,1.0000,1.0000,1.0000
40,Threshold rule,1.0000,1.0000,1.0000,1.0000,1.0000,1.0000
40,Gaussian NB,1.0000,1.0000,1.0000,1.0000,1.0000,1.0000
40,Logistic Regression,0.9500,0.9375,1.0000,0.9677,0.9283,1.0000
40,Decision Tree,1.0000,1.0000,1.0000,1.0000,1.0000,1.0000
40,KNN (k=5),0.9500,0.9375,1.0000,0.9677,0.9283,0.9933
40,SVM (RBF),0.9500,0.9375,1.0000,0.9677,0.9283,1.0000
40,Random Forest,1.0000,1.0000,1.0000,1.0000,1.0000,1.0000
41,Threshold rule,1.0000,1.0000,1.0000,1.0000,1.0000,1.0000
41,Gaussian NB,1.0000,1.0000,1.0000,1.0000,1.0000,1.0000
41,Logistic Regression,1.0000,1.0000,1.0000,1.0000,1.0000,1.0000
41,Decision Tree,1.0000,1.0000,1.0000,1.0000,1.0000,1.0000
41,KNN (k=5),1.0000,1.0000,1.0000,1.0000,1.0000,1.0000
41,SVM (RBF),1.0000,1.0000,1.0000,1.0000,1.0000,1.0000
41,Random Forest,1.0000,1.0000,1.0000,1.0000,1.0000,1.0000
42,Threshold rule,1.0000,1.0000,1.0000,1.0000,1.0000,1.0000
42,Gaussian NB,1.0000,1.0000,1.0000,1.0000,1.0000,1.0000
42,Logistic Regression,1.0000,1.0000,1.0000,1.0000,1.0000,1.0000
42,Decision Tree,1.0000,1.0000,1.0000,1.0000,1.0000,1.0000
42,KNN (k=5),0.9500,0.9375,1.0000,0.9677,0.9283,0.9800
42,SVM (RBF),1.0000,1.0000,1.0000,1.0000,1.0000,1.0000
42,Random Forest,1.0000,1.0000,1.0000,1.0000,1.0000,1.0000
43,Threshold rule,1.0000,1.0000,1.0000,1.0000,1.0000,1.0000
43,Gaussian NB,0.9500,0.9375,1.0000,0.9677,0.9283,1.0000
43,Logistic Regression,0.9500,0.9375,1.0000,0.9677,0.9283,1.0000
43,Decision Tree,1.0000,1.0000,1.0000,1.0000,1.0000,1.0000
43,KNN (k=5),0.9500,0.9375,1.0000,0.9677,0.9283,1.0000
43,SVM (RBF),0.9500,0.9375,1.0000,0.9677,0.9283,1.0000
43,Random Forest,1.0000,1.0000,1.0000,1.0000,1.0000,1.0000
44,Threshold rule,1.0000,1.0000,1.0000,1.0000,1.0000,1.0000
44,Gaussian NB,0.9500,0.9375,1.0000,0.9677,0.9283,1.0000
44,Logistic Regression,0.9500,0.9375,1.0000,0.9677,0.9283,1.0000
44,Decision Tree,1.0000,1.0000,1.0000,1.0000,1.0000,1.0000
44,KNN (k=5),0.9500,0.9375,1.0000,0.9677,0.9283,1.0000
44,SVM (RBF),0.9500,0.9375,1.0000,0.9677,0.9283,1.0000
44,Random Forest,1.0000,1.0000,1.0000,1.0000,1.0000,1.0000
45,Threshold rule,1.0000,1.0000,1.0000,1.0000,1.0000,1.0000
45,Gaussian NB,1.0000,1.0000,1.0000,1.0000,1.0000,1.0000
45,Logistic Regression,1.0000,1.0000,1.0000,1.0000,1.0000,1.0000
45,Decision Tree,1.0000,1.0000,1.0000,1.0000,1.0000,1.0000
45,KNN (k=5),1.0000,1.0000,1.0000,1.0000,1.0000,1.0000
45,SVM (RBF),0.9500,0.9375,1.0000,0.9677,0.9283,1.0000
45,Random Forest,1.0000,1.0000,1.0000,1.0000,1.0000,1.0000
46,Threshold rule,1.0000,1.0000,1.0000,1.0000,1.0000,1.0000
46,Gaussian NB,1.0000,1.0000,1.0000,1.0000,1.0000,1.0000
46,Logistic Regression,0.9500,0.9375,1.0000,0.9677,0.9283,1.0000
46,Decision Tree,1.0000,1.0000,1.0000,1.0000,1.0000,1.0000
46,KNN (k=5),0.9000,0.9333,0.9333,0.9333,0.8667,0.8800
46,SVM (RBF),0.9500,0.9375,1.0000,0.9677,0.9283,0.9867
46,Random Forest,1.0000,1.0000,1.0000,1.0000,1.0000,1.0000
47,Threshold rule,1.0000,1.0000,1.0000,1.0000,1.0000,1.0000
47,Gaussian NB,1.0000,1.0000,1.0000,1.0000,1.0000,1.0000
47,Logistic Regression,1.0000,1.0000,1.0000,1.0000,1.0000,1.0000
47,Decision Tree,1.0000,1.0000,1.0000,1.0000,1.0000,1.0000
47,KNN (k=5),1.0000,1.0000,1.0000,1.0000,1.0000,1.0000
47,SVM (RBF),1.0000,1.0000,1.0000,1.0000,1.0000,1.0000
47,Random Forest,1.0000,1.0000,1.0000,1.0000,1.0000,1.0000
48,Threshold rule,1.0000,1.0000,1.0000,1.0000,1.0000,1.0000
48,Gaussian NB,1.0000,1.0000,1.0000,1.0000,1.0000,1.0000
48,Logistic Regression,1.0000,1.0000,1.0000,1.0000,1.0000,1.0000
48,Decision Tree,1.0000,1.0000,1.0000,1.0000,1.0000,1.0000
48,KNN (k=5),1.0000,1.0000,1.0000,1.0000,1.0000,1.0000
48,SVM (RBF),1.0000,1.0000,1.0000,1.0000,1.0000,1.0000
48,Random Forest,1.0000,1.0000,1.0000,1.0000,1.0000,1.0000
49,Threshold rule,1.0000,1.0000,1.0000,1.0000,1.0000,1.0000
49,Gaussian NB,0.9500,0.9375,1.0000,0.9677,0.9283,1.0000
49,Logistic Regression,0.9500,0.9375,1.0000,0.9677,0.9283,1.0000
49,Decision Tree,1.0000,1.0000,1.0000,1.0000,1.0000,1.0000
49,KNN (k=5),1.0000,1.0000,1.0000,1.0000,1.0000,1.0000
49,SVM (RBF),1.0000,1.0000,1.0000,1.0000,1.0000,1.0000
49,Random Forest,1.0000,1.0000,1.0000,1.0000,1.0000,1.0000
50,Threshold rule,1.0000,1.0000,1.0000,1.0000,1.0000,1.0000
50,Gaussian NB,1.0000,1.0000,1.0000,1.0000,1.0000,1.0000
50,Logistic Regression,0.9000,0.8824,1.0000,0.9375,0.8438,1.0000
50,Decision Tree,1.0000,1.0000,1.0000,1.0000,1.0000,1.0000
50,KNN (k=5),0.9000,0.8824,1.0000,0.9375,0.8438,1.0000
50,SVM (RBF),0.9000,0.8824,1.0000,0.9375,0.8438,1.0000
50,Random Forest,1.0000,1.0000,1.0000,1.0000,1.0000,1.0000
51,Threshold rule,1.0000,1.0000,1.0000,1.0000,1.0000,1.0000
51,Gaussian NB,0.9500,0.9375,1.0000,0.9677,0.9283,1.0000
51,Logistic Regression,0.9000,0.8824,1.0000,0.9375,0.8438,1.0000
51,Decision Tree,1.0000,1.0000,1.0000,1.0000,1.0000,1.0000
51,KNN (k=5),0.9000,0.9333,0.9333,0.9333,0.8667,0.8733
51,SVM (RBF),0.9500,0.9375,1.0000,0.9677,0.9283,0.9867
51,Random Forest,1.0000,1.0000,1.0000,1.0000,1.0000,1.0000
52,Threshold rule,1.0000,1.0000,1.0000,1.0000,1.0000,1.0000
52,Gaussian NB,1.0000,1.0000,1.0000,1.0000,1.0000,1.0000
52,Logistic Regression,1.0000,1.0000,1.0000,1.0000,1.0000,1.0000
52,Decision Tree,1.0000,1.0000,1.0000,1.0000,1.0000,1.0000
52,KNN (k=5),1.0000,1.0000,1.0000,1.0000,1.0000,1.0000
52,SVM (RBF),1.0000,1.0000,1.0000,1.0000,1.0000,1.0000
52,Random Forest,1.0000,1.0000,1.0000,1.0000,1.0000,1.0000
53,Threshold rule,1.0000,1.0000,1.0000,1.0000,1.0000,1.0000
53,Gaussian NB,1.0000,1.0000,1.0000,1.0000,1.0000,1.0000
53,Logistic Regression,1.0000,1.0000,1.0000,1.0000,1.0000,1.0000
53,Decision Tree,1.0000,1.0000,1.0000,1.0000,1.0000,1.0000
53,KNN (k=5),1.0000,1.0000,1.0000,1.0000,1.0000,1.0000
53,SVM (RBF),1.0000,1.0000,1.0000,1.0000,1.0000,1.0000
53,Random Forest,1.0000,1.0000,1.0000,1.0000,1.0000,1.0000
54,Threshold rule,1.0000,1.0000,1.0000,1.0000,1.0000,1.0000
54,Gaussian NB,1.0000,1.0000,1.0000,1.0000,1.0000,1.0000
54,Logistic Regression,1.0000,1.0000,1.0000,1.0000,1.0000,1.0000
54,Decision Tree,1.0000,1.0000,1.0000,1.0000,1.0000,1.0000
54,KNN (k=5),1.0000,1.0000,1.0000,1.0000,1.0000,1.0000
54,SVM (RBF),1.0000,1.0000,1.0000,1.0000,1.0000,1.0000
54,Random Forest,1.0000,1.0000,1.0000,1.0000,1.0000,1.0000
55,Threshold rule,1.0000,1.0000,1.0000,1.0000,1.0000,1.0000
55,Gaussian NB,0.9500,0.9375,1.0000,0.9677,0.9283,1.0000
55,Logistic Regression,0.9500,0.9375,1.0000,0.9677,0.9283,1.0000
55,Decision Tree,1.0000,1.0000,1.0000,1.0000,1.0000,1.0000
55,KNN (k=5),0.9500,0.9375,1.0000,0.9677,0.9283,1.0000
55,SVM (RBF),0.9500,0.9375,1.0000,0.9677,0.9283,1.0000
55,Random Forest,1.0000,1.0000,1.0000,1.0000,1.0000,1.0000
56,Threshold rule,1.0000,1.0000,1.0000,1.0000,1.0000,1.0000
56,Gaussian NB,1.0000,1.0000,1.0000,1.0000,1.0000,1.0000
56,Logistic Regression,1.0000,1.0000,1.0000,1.0000,1.0000,1.0000
56,Decision Tree,1.0000,1.0000,1.0000,1.0000,1.0000,1.0000
56,KNN (k=5),0.9500,0.9375,1.0000,0.9677,0.9283,0.9867
56,SVM (RBF),1.0000,1.0000,1.0000,1.0000,1.0000,1.0000
56,Random Forest,1.0000,1.0000,1.0000,1.0000,1.0000,1.0000
57,Threshold rule,1.0000,1.0000,1.0000,1.0000,1.0000,1.0000
57,Gaussian NB,1.0000,1.0000,1.0000,1.0000,1.0000,1.0000
57,Logistic Regression,1.0000,1.0000,1.0000,1.0000,1.0000,1.0000
57,Decision Tree,1.0000,1.0000,1.0000,1.0000,1.0000,1.0000
57,KNN (k=5),1.0000,1.0000,1.0000,1.0000,1.0000,1.0000
57,SVM (RBF),1.0000,1.0000,1.0000,1.0000,1.0000,1.0000
57,Random Forest,1.0000,1.0000,1.0000,1.0000,1.0000,1.0000
58,Threshold rule,1.0000,1.0000,1.0000,1.0000,1.0000,1.0000
58,Gaussian NB,0.9500,0.9375,1.0000,0.9677,0.9283,1.0000
58,Logistic Regression,0.9500,0.9375,1.0000,0.9677,0.9283,1.0000
58,Decision Tree,1.0000,1.0000,1.0000,1.0000,1.0000,1.0000
58,KNN (k=5),1.0000,1.0000,1.0000,1.0000,1.0000,1.0000
58,SVM (RBF),0.9500,0.9375,1.0000,0.9677,0.9283,1.0000
58,Random Forest,1.0000,1.0000,1.0000,1.0000,1.0000,1.0000
59,Threshold rule,1.0000,1.0000,1.0000,1.0000,1.0000,1.0000
59,Gaussian NB,1.0000,1.0000,1.0000,1.0000,1.0000,1.0000
59,Logistic Regression,1.0000,1.0000,1.0000,1.0000,1.0000,1.0000
59,Decision Tree,1.0000,1.0000,1.0000,1.0000,1.0000,1.0000
59,KNN (k=5),1.0000,1.0000,1.0000,1.0000,1.0000,1.0000
59,SVM (RBF),1.0000,1.0000,1.0000,1.0000,1.0000,1.0000
59,Random Forest,1.0000,1.0000,1.0000,1.0000,1.0000,1.0000
60,Threshold rule,1.0000,1.0000,1.0000,1.0000,1.0000,1.0000
60,Gaussian NB,1.0000,1.0000,1.0000,1.0000,1.0000,1.0000
60,Logistic Regression,0.9500,0.9375,1.0000,0.9677,0.9283,1.0000
60,Decision Tree,1.0000,1.0000,1.0000,1.0000,1.0000,1.0000
60,KNN (k=5),0.9500,0.9375,1.0000,0.9677,0.9283,0.9933
60,SVM (RBF),0.9500,0.9375,1.0000,0.9677,0.9283,1.0000
60,Random Forest,1.0000,1.0000,1.0000,1.0000,1.0000,1.0000
61,Threshold rule,1.0000,1.0000,1.0000,1.0000,1.0000,1.0000
61,Gaussian NB,0.9500,0.9375,1.0000,0.9677,0.9283,1.0000
61,Logistic Regression,0.9500,0.9375,1.0000,0.9677,0.9283,1.0000
61,Decision Tree,1.0000,1.0000,1.0000,1.0000,1.0000,1.0000
61,KNN (k=5),0.9500,0.9375,1.0000,0.9677,0.9283,0.9933
61,SVM (RBF),0.9500,0.9375,1.0000,0.9677,0.9283,1.0000
61,Random Forest,1.0000,1.0000,1.0000,1.0000,1.0000,1.0000
62,Threshold rule,1.0000,1.0000,1.0000,1.0000,1.0000,1.0000
62,Gaussian NB,0.9500,0.9375,1.0000,0.9677,0.9283,1.0000
62,Logistic Regression,0.9500,0.9375,1.0000,0.9677,0.9283,1.0000
62,Decision Tree,1.0000,1.0000,1.0000,1.0000,1.0000,1.0000
62,KNN (k=5),0.9500,0.9375,1.0000,0.9677,0.9283,0.9933
62,SVM (RBF),0.9500,0.9375,1.0000,0.9677,0.9283,1.0000
62,Random Forest,1.0000,1.0000,1.0000,1.0000,1.0000,1.0000
63,Threshold rule,1.0000,1.0000,1.0000,1.0000,1.0000,1.0000
63,Gaussian NB,1.0000,1.0000,1.0000,1.0000,1.0000,1.0000
63,Logistic Regression,1.0000,1.0000,1.0000,1.0000,1.0000,1.0000
63,Decision Tree,1.0000,1.0000,1.0000,1.0000,1.0000,1.0000
63,KNN (k=5),1.0000,1.0000,1.0000,1.0000,1.0000,1.0000
63,SVM (RBF),1.0000,1.0000,1.0000,1.0000,1.0000,1.0000
63,Random Forest,1.0000,1.0000,1.0000,1.0000,1.0000,1.0000
64,Threshold rule,1.0000,1.0000,1.0000,1.0000,1.0000,1.0000
64,Gaussian NB,1.0000,1.0000,1.0000,1.0000,1.0000,1.0000
64,Logistic Regression,1.0000,1.0000,1.0000,1.0000,1.0000,1.0000
64,Decision Tree,1.0000,1.0000,1.0000,1.0000,1.0000,1.0000
64,KNN (k=5),1.0000,1.0000,1.0000,1.0000,1.0000,1.0000
64,SVM (RBF),1.0000,1.0000,1.0000,1.0000,1.0000,1.0000
64,Random Forest,1.0000,1.0000,1.0000,1.0000,1.0000,1.0000
65,Threshold rule,1.0000,1.0000,1.0000,1.0000,1.0000,1.0000
65,Gaussian NB,1.0000,1.0000,1.0000,1.0000,1.0000,1.0000
65,Logistic Regression,1.0000,1.0000,1.0000,1.0000,1.0000,1.0000
65,Decision Tree,1.0000,1.0000,1.0000,1.0000,1.0000,1.0000
65,KNN (k=5),1.0000,1.0000,1.0000,1.0000,1.0000,1.0000
65,SVM (RBF),1.0000,1.0000,1.0000,1.0000,1.0000,1.0000
65,Random Forest,1.0000,1.0000,1.0000,1.0000,1.0000,1.0000
66,Threshold rule,1.0000,1.0000,1.0000,1.0000,1.0000,1.0000
66,Gaussian NB,0.9500,0.9375,1.0000,0.9677,0.9283,1.0000
66,Logistic Regression,0.9000,0.8824,1.0000,0.9375,0.8438,1.0000
66,Decision Tree,1.0000,1.0000,1.0000,1.0000,1.0000,1.0000
66,KNN (k=5),0.9500,0.9375,1.0000,0.9677,0.9283,0.8867
66,SVM (RBF),0.9000,0.8824,1.0000,0.9375,0.8438,1.0000
66,Random Forest,1.0000,1.0000,1.0000,1.0000,1.0000,1.0000
67,Threshold rule,1.0000,1.0000,1.0000,1.0000,1.0000,1.0000
67,Gaussian NB,1.0000,1.0000,1.0000,1.0000,1.0000,1.0000
67,Logistic Regression,1.0000,1.0000,1.0000,1.0000,1.0000,1.0000
67,Decision Tree,1.0000,1.0000,1.0000,1.0000,1.0000,1.0000
67,KNN (k=5),1.0000,1.0000,1.0000,1.0000,1.0000,1.0000
67,SVM (RBF),1.0000,1.0000,1.0000,1.0000,1.0000,1.0000
67,Random Forest,1.0000,1.0000,1.0000,1.0000,1.0000,1.0000
68,Threshold rule,1.0000,1.0000,1.0000,1.0000,1.0000,1.0000
68,Gaussian NB,1.0000,1.0000,1.0000,1.0000,1.0000,1.0000
68,Logistic Regression,1.0000,1.0000,1.0000,1.0000,1.0000,1.0000
68,Decision Tree,1.0000,1.0000,1.0000,1.0000,1.0000,1.0000
68,KNN (k=5),1.0000,1.0000,1.0000,1.0000,1.0000,1.0000
68,SVM (RBF),1.0000,1.0000,1.0000,1.0000,1.0000,1.0000
68,Random Forest,1.0000,1.0000,1.0000,1.0000,1.0000,1.0000
69,Threshold rule,1.0000,1.0000,1.0000,1.0000,1.0000,1.0000
69,Gaussian NB,1.0000,1.0000,1.0000,1.0000,1.0000,1.0000
69,Logistic Regression,1.0000,1.0000,1.0000,1.0000,1.0000,1.0000
69,Decision Tree,1.0000,1.0000,1.0000,1.0000,1.0000,1.0000
69,KNN (k=5),0.9000,0.9333,0.9333,0.9333,0.8667,0.9733
69,SVM (RBF),0.9000,0.8824,1.0000,0.9375,0.8438,1.0000
69,Random Forest,1.0000,1.0000,1.0000,1.0000,1.0000,1.0000
70,Threshold rule,1.0000,1.0000,1.0000,1.0000,1.0000,1.0000
70,Gaussian NB,1.0000,1.0000,1.0000,1.0000,1.0000,1.0000
70,Logistic Regression,1.0000,1.0000,1.0000,1.0000,1.0000,1.0000
70,Decision Tree,1.0000,1.0000,1.0000,1.0000,1.0000,1.0000
70,KNN (k=5),1.0000,1.0000,1.0000,1.0000,1.0000,1.0000
70,SVM (RBF),1.0000,1.0000,1.0000,1.0000,1.0000,1.0000
70,Random Forest,1.0000,1.0000,1.0000,1.0000,1.0000,1.0000
71,Threshold rule,1.0000,1.0000,1.0000,1.0000,1.0000,1.0000
71,Gaussian NB,1.0000,1.0000,1.0000,1.0000,1.0000,1.0000
71,Logistic Regression,1.0000,1.0000,1.0000,1.0000,1.0000,1.0000
71,Decision Tree,1.0000,1.0000,1.0000,1.0000,1.0000,1.0000
71,KNN (k=5),1.0000,1.0000,1.0000,1.0000,1.0000,1.0000
71,SVM (RBF),1.0000,1.0000,1.0000,1.0000,1.0000,1.0000
71,Random Forest,1.0000,1.0000,1.0000,1.0000,1.0000,1.0000
72,Threshold rule,1.0000,1.0000,1.0000,1.0000,1.0000,1.0000
72,Gaussian NB,1.0000,1.0000,1.0000,1.0000,1.0000,1.0000
72,Logistic Regression,1.0000,1.0000,1.0000,1.0000,1.0000,1.0000
72,Decision Tree,1.0000,1.0000,1.0000,1.0000,1.0000,1.0000
72,KNN (k=5),0.9000,0.9333,0.9333,0.9333,0.8667,0.9867
72,SVM (RBF),0.9500,0.9375,1.0000,0.9677,0.9283,1.0000
72,Random Forest,1.0000,1.0000,1.0000,1.0000,1.0000,1.0000
73,Threshold rule,1.0000,1.0000,1.0000,1.0000,1.0000,1.0000
73,Gaussian NB,0.9500,0.9375,1.0000,0.9677,0.9283,1.0000
73,Logistic Regression,0.9500,0.9375,1.0000,0.9677,0.9283,1.0000
73,Decision Tree,1.0000,1.0000,1.0000,1.0000,1.0000,1.0000
73,KNN (k=5),0.9500,0.9375,1.0000,0.9677,0.9283,0.9933
73,SVM (RBF),0.9500,0.9375,1.0000,0.9677,0.9283,1.0000
73,Random Forest,1.0000,1.0000,1.0000,1.0000,1.0000,1.0000
74,Threshold rule,1.0000,1.0000,1.0000,1.0000,1.0000,1.0000
74,Gaussian NB,1.0000,1.0000,1.0000,1.0000,1.0000,1.0000
74,Logistic Regression,1.0000,1.0000,1.0000,1.0000,1.0000,1.0000
74,Decision Tree,1.0000,1.0000,1.0000,1.0000,1.0000,1.0000
74,KNN (k=5),1.0000,1.0000,1.0000,1.0000,1.0000,1.0000
74,SVM (RBF),1.0000,1.0000,1.0000,1.0000,1.0000,1.0000
74,Random Forest,1.0000,1.0000,1.0000,1.0000,1.0000,1.0000
75,Threshold rule,1.0000,1.0000,1.0000,1.0000,1.0000,1.0000
75,Gaussian NB,0.9500,0.9375,1.0000,0.9677,0.9283,1.0000
75,Logistic Regression,0.9500,0.9375,1.0000,0.9677,0.9283,1.0000
75,Decision Tree,1.0000,1.0000,1.0000,1.0000,1.0000,1.0000
75,KNN (k=5),0.9500,0.9375,1.0000,0.9677,0.9283,1.0000
75,SVM (RBF),0.9500,0.9375,1.0000,0.9677,0.9283,1.0000
75,Random Forest,1.0000,1.0000,1.0000,1.0000,1.0000,1.0000
76,Threshold rule,1.0000,1.0000,1.0000,1.0000,1.0000,1.0000
76,Gaussian NB,1.0000,1.0000,1.0000,1.0000,1.0000,1.0000
76,Logistic Regression,0.9500,0.9375,1.0000,0.9677,0.9283,1.0000
76,Decision Tree,1.0000,1.0000,1.0000,1.0000,1.0000,1.0000
76,KNN (k=5),0.9500,0.9375,1.0000,0.9677,0.9283,0.9933
76,SVM (RBF),0.9500,0.9375,1.0000,0.9677,0.9283,1.0000
76,Random Forest,1.0000,1.0000,1.0000,1.0000,1.0000,1.0000
77,Threshold rule,1.0000,1.0000,1.0000,1.0000,1.0000,1.0000
77,Gaussian NB,1.0000,1.0000,1.0000,1.0000,1.0000,1.0000
77,Logistic Regression,1.0000,1.0000,1.0000,1.0000,1.0000,1.0000
77,Decision Tree,1.0000,1.0000,1.0000,1.0000,1.0000,1.0000
77,KNN (k=5),0.9500,1.0000,0.9333,0.9655,0.9373,1.0000
77,SVM (RBF),1.0000,1.0000,1.0000,1.0000,1.0000,1.0000
77,Random Forest,1.0000,1.0000,1.0000,1.0000,1.0000,1.0000
78,Threshold rule,1.0000,1.0000,1.0000,1.0000,1.0000,1.0000
78,Gaussian NB,1.0000,1.0000,1.0000,1.0000,1.0000,1.0000
78,Logistic Regression,0.9500,0.9375,1.0000,0.9677,0.9283,1.0000
78,Decision Tree,1.0000,1.0000,1.0000,1.0000,1.0000,1.0000
78,KNN (k=5),0.9500,0.9375,1.0000,0.9677,0.9283,0.8933
78,SVM (RBF),0.9500,0.9375,1.0000,0.9677,0.9283,1.0000
78,Random Forest,1.0000,1.0000,1.0000,1.0000,1.0000,1.0000
79,Threshold rule,1.0000,1.0000,1.0000,1.0000,1.0000,1.0000
79,Gaussian NB,0.9500,0.9375,1.0000,0.9677,0.9283,1.0000
79,Logistic Regression,0.9500,0.9375,1.0000,0.9677,0.9283,1.0000
79,Decision Tree,1.0000,1.0000,1.0000,1.0000,1.0000,1.0000
79,KNN (k=5),1.0000,1.0000,1.0000,1.0000,1.0000,1.0000
79,SVM (RBF),0.9500,0.9375,1.0000,0.9677,0.9283,1.0000
79,Random Forest,1.0000,1.0000,1.0000,1.0000,1.0000,1.0000
80,Threshold rule,1.0000,1.0000,1.0000,1.0000,1.0000,1.0000
80,Gaussian NB,0.9000,0.8824,1.0000,0.9375,0.8438,1.0000
80,Logistic Regression,0.9000,0.8824,1.0000,0.9375,0.8438,1.0000
80,Decision Tree,1.0000,1.0000,1.0000,1.0000,1.0000,1.0000
80,KNN (k=5),0.9000,0.8824,1.0000,0.9375,0.8438,0.9733
80,SVM (RBF),0.9000,0.8824,1.0000,0.9375,0.8438,1.0000
80,Random Forest,1.0000,1.0000,1.0000,1.0000,1.0000,1.0000
81,Threshold rule,1.0000,1.0000,1.0000,1.0000,1.0000,1.0000
81,Gaussian NB,1.0000,1.0000,1.0000,1.0000,1.0000,1.0000
81,Logistic Regression,0.9500,0.9375,1.0000,0.9677,0.9283,1.0000
81,Decision Tree,1.0000,1.0000,1.0000,1.0000,1.0000,1.0000
81,KNN (k=5),0.9500,0.9375,1.0000,0.9677,0.9283,0.8933
81,SVM (RBF),0.9500,0.9375,1.0000,0.9677,0.9283,0.9867
81,Random Forest,1.0000,1.0000,1.0000,1.0000,1.0000,1.0000
82,Threshold rule,1.0000,1.0000,1.0000,1.0000,1.0000,1.0000
82,Gaussian NB,1.0000,1.0000,1.0000,1.0000,1.0000,1.0000
82,Logistic Regression,1.0000,1.0000,1.0000,1.0000,1.0000,1.0000
82,Decision Tree,1.0000,1.0000,1.0000,1.0000,1.0000,1.0000
82,KNN (k=5),1.0000,1.0000,1.0000,1.0000,1.0000,1.0000
82,SVM (RBF),1.0000,1.0000,1.0000,1.0000,1.0000,1.0000
82,Random Forest,1.0000,1.0000,1.0000,1.0000,1.0000,1.0000
83,Threshold rule,1.0000,1.0000,1.0000,1.0000,1.0000,1.0000
83,Gaussian NB,1.0000,1.0000,1.0000,1.0000,1.0000,1.0000
83,Logistic Regression,0.9500,0.9375,1.0000,0.9677,0.9283,1.0000
83,Decision Tree,1.0000,1.0000,1.0000,1.0000,1.0000,1.0000
83,KNN (k=5),0.9500,0.9375,1.0000,0.9677,0.9283,0.9933
83,SVM (RBF),0.9500,0.9375,1.0000,0.9677,0.9283,1.0000
83,Random Forest,1.0000,1.0000,1.0000,1.0000,1.0000,1.0000
84,Threshold rule,1.0000,1.0000,1.0000,1.0000,1.0000,1.0000
84,Gaussian NB,1.0000,1.0000,1.0000,1.0000,1.0000,1.0000
84,Logistic Regression,1.0000,1.0000,1.0000,1.0000,1.0000,1.0000
84,Decision Tree,1.0000,1.0000,1.0000,1.0000,1.0000,1.0000
84,KNN (k=5),1.0000,1.0000,1.0000,1.0000,1.0000,1.0000
84,SVM (RBF),1.0000,1.0000,1.0000,1.0000,1.0000,1.0000
84,Random Forest,1.0000,1.0000,1.0000,1.0000,1.0000,1.0000
85,Threshold rule,1.0000,1.0000,1.0000,1.0000,1.0000,1.0000
85,Gaussian NB,1.0000,1.0000,1.0000,1.0000,1.0000,1.0000
85,Logistic Regression,1.0000,1.0000,1.0000,1.0000,1.0000,1.0000
85,Decision Tree,1.0000,1.0000,1.0000,1.0000,1.0000,1.0000
85,KNN (k=5),1.0000,1.0000,1.0000,1.0000,1.0000,1.0000
85,SVM (RBF),1.0000,1.0000,1.0000,1.0000,1.0000,1.0000
85,Random Forest,1.0000,1.0000,1.0000,1.0000,1.0000,1.0000
86,Threshold rule,1.0000,1.0000,1.0000,1.0000,1.0000,1.0000
86,Gaussian NB,1.0000,1.0000,1.0000,1.0000,1.0000,1.0000
86,Logistic Regression,1.0000,1.0000,1.0000,1.0000,1.0000,1.0000
86,Decision Tree,1.0000,1.0000,1.0000,1.0000,1.0000,1.0000
86,KNN (k=5),1.0000,1.0000,1.0000,1.0000,1.0000,1.0000
86,SVM (RBF),1.0000,1.0000,1.0000,1.0000,1.0000,1.0000
86,Random Forest,1.0000,1.0000,1.0000,1.0000,1.0000,1.0000
87,Threshold rule,1.0000,1.0000,1.0000,1.0000,1.0000,1.0000
87,Gaussian NB,1.0000,1.0000,1.0000,1.0000,1.0000,1.0000
87,Logistic Regression,1.0000,1.0000,1.0000,1.0000,1.0000,1.0000
87,Decision Tree,1.0000,1.0000,1.0000,1.0000,1.0000,1.0000
87,KNN (k=5),0.9500,0.9375,1.0000,0.9677,0.9283,1.0000
87,SVM (RBF),1.0000,1.0000,1.0000,1.0000,1.0000,1.0000
87,Random Forest,1.0000,1.0000,1.0000,1.0000,1.0000,1.0000
88,Threshold rule,1.0000,1.0000,1.0000,1.0000,1.0000,1.0000
88,Gaussian NB,1.0000,1.0000,1.0000,1.0000,1.0000,1.0000
88,Logistic Regression,1.0000,1.0000,1.0000,1.0000,1.0000,1.0000
88,Decision Tree,1.0000,1.0000,1.0000,1.0000,1.0000,1.0000
88,KNN (k=5),1.0000,1.0000,1.0000,1.0000,1.0000,1.0000
88,SVM (RBF),1.0000,1.0000,1.0000,1.0000,1.0000,1.0000
88,Random Forest,1.0000,1.0000,1.0000,1.0000,1.0000,1.0000
89,Threshold rule,1.0000,1.0000,1.0000,1.0000,1.0000,1.0000
89,Gaussian NB,0.9500,0.9375,1.0000,0.9677,0.9283,1.0000
89,Logistic Regression,0.9500,0.9375,1.0000,0.9677,0.9283,1.0000
89,Decision Tree,1.0000,1.0000,1.0000,1.0000,1.0000,1.0000
89,KNN (k=5),0.9500,0.9375,1.0000,0.9677,0.9283,1.0000
89,SVM (RBF),0.9000,0.8824,1.0000,0.9375,0.8438,1.0000
89,Random Forest,1.0000,1.0000,1.0000,1.0000,1.0000,1.0000
90,Threshold rule,1.0000,1.0000,1.0000,1.0000,1.0000,1.0000
90,Gaussian NB,1.0000,1.0000,1.0000,1.0000,1.0000,1.0000
90,Logistic Regression,0.9500,0.9375,1.0000,0.9677,0.9283,1.0000
90,Decision Tree,1.0000,1.0000,1.0000,1.0000,1.0000,1.0000
90,KNN (k=5),0.9500,0.9375,1.0000,0.9677,0.9283,0.8867
90,SVM (RBF),0.9500,0.9375,1.0000,0.9677,0.9283,1.0000
90,Random Forest,1.0000,1.0000,1.0000,1.0000,1.0000,1.0000
91,Threshold rule,1.0000,1.0000,1.0000,1.0000,1.0000,1.0000
91,Gaussian NB,0.9500,0.9375,1.0000,0.9677,0.9283,1.0000
91,Logistic Regression,0.9500,0.9375,1.0000,0.9677,0.9283,1.0000
91,Decision Tree,1.0000,1.0000,1.0000,1.0000,1.0000,1.0000
91,KNN (k=5),0.9500,0.9375,1.0000,0.9677,0.9283,1.0000
91,SVM (RBF),0.9500,0.9375,1.0000,0.9677,0.9283,1.0000
91,Random Forest,1.0000,1.0000,1.0000,1.0000,1.0000,1.0000
92,Threshold rule,1.0000,1.0000,1.0000,1.0000,1.0000,1.0000
92,Gaussian NB,1.0000,1.0000,1.0000,1.0000,1.0000,1.0000
92,Logistic Regression,1.0000,1.0000,1.0000,1.0000,1.0000,1.0000
92,Decision Tree,1.0000,1.0000,1.0000,1.0000,1.0000,1.0000
92,KNN (k=5),1.0000,1.0000,1.0000,1.0000,1.0000,1.0000
92,SVM (RBF),1.0000,1.0000,1.0000,1.0000,1.0000,1.0000
92,Random Forest,1.0000,1.0000,1.0000,1.0000,1.0000,1.0000
93,Threshold rule,1.0000,1.0000,1.0000,1.0000,1.0000,1.0000
93,Gaussian NB,0.9500,0.9375,1.0000,0.9677,0.9283,1.0000
93,Logistic Regression,0.9500,0.9375,1.0000,0.9677,0.9283,1.0000
93,Decision Tree,1.0000,1.0000,1.0000,1.0000,1.0000,1.0000
93,KNN (k=5),0.9500,0.9375,1.0000,0.9677,0.9283,1.0000
93,SVM (RBF),0.9500,0.9375,1.0000,0.9677,0.9283,1.0000
93,Random Forest,1.0000,1.0000,1.0000,1.0000,1.0000,1.0000
94,Threshold rule,1.0000,1.0000,1.0000,1.0000,1.0000,1.0000
94,Gaussian NB,1.0000,1.0000,1.0000,1.0000,1.0000,1.0000
94,Logistic Regression,0.9500,0.9375,1.0000,0.9677,0.9283,1.0000
94,Decision Tree,1.0000,1.0000,1.0000,1.0000,1.0000,1.0000
94,KNN (k=5),0.9500,0.9375,1.0000,0.9677,0.9283,0.9933
94,SVM (RBF),0.9500,0.9375,1.0000,0.9677,0.9283,1.0000
94,Random Forest,1.0000,1.0000,1.0000,1.0000,1.0000,1.0000
95,Threshold rule,1.0000,1.0000,1.0000,1.0000,1.0000,1.0000
95,Gaussian NB,0.9500,0.9375,1.0000,0.9677,0.9283,1.0000
95,Logistic Regression,0.9500,0.9375,1.0000,0.9677,0.9283,1.0000
95,Decision Tree,1.0000,1.0000,1.0000,1.0000,1.0000,1.0000
95,KNN (k=5),0.9000,0.8824,1.0000,0.9375,0.8438,0.9800
95,SVM (RBF),0.9000,0.8824,1.0000,0.9375,0.8438,1.0000
95,Random Forest,1.0000,1.0000,1.0000,1.0000,1.0000,1.0000
96,Threshold rule,1.0000,1.0000,1.0000,1.0000,1.0000,1.0000
96,Gaussian NB,1.0000,1.0000,1.0000,1.0000,1.0000,1.0000
96,Logistic Regression,1.0000,1.0000,1.0000,1.0000,1.0000,1.0000
96,Decision Tree,1.0000,1.0000,1.0000,1.0000,1.0000,1.0000
96,KNN (k=5),1.0000,1.0000,1.0000,1.0000,1.0000,1.0000
96,SVM (RBF),1.0000,1.0000,1.0000,1.0000,1.0000,1.0000
96,Random Forest,1.0000,1.0000,1.0000,1.0000,1.0000,1.0000
97,Threshold rule,1.0000,1.0000,1.0000,1.0000,1.0000,1.0000
97,Gaussian NB,1.0000,1.0000,1.0000,1.0000,1.0000,1.0000
97,Logistic Regression,1.0000,1.0000,1.0000,1.0000,1.0000,1.0000
97,Decision Tree,1.0000,1.0000,1.0000,1.0000,1.0000,1.0000
97,KNN (k=5),1.0000,1.0000,1.0000,1.0000,1.0000,1.0000
97,SVM (RBF),1.0000,1.0000,1.0000,1.0000,1.0000,1.0000
97,Random Forest,1.0000,1.0000,1.0000,1.0000,1.0000,1.0000
98,Threshold rule,1.0000,1.0000,1.0000,1.0000,1.0000,1.0000
98,Gaussian NB,1.0000,1.0000,1.0000,1.0000,1.0000,1.0000
98,Logistic Regression,1.0000,1.0000,1.0000,1.0000,1.0000,1.0000
98,Decision Tree,1.0000,1.0000,1.0000,1.0000,1.0000,1.0000
98,KNN (k=5),1.0000,1.0000,1.0000,1.0000,1.0000,1.0000
98,SVM (RBF),1.0000,1.0000,1.0000,1.0000,1.0000,1.0000
98,Random Forest,1.0000,1.0000,1.0000,1.0000,1.0000,1.0000
99,Threshold rule,1.0000,1.0000,1.0000,1.0000,1.0000,1.0000
99,Gaussian NB,1.0000,1.0000,1.0000,1.0000,1.0000,1.0000
99,Logistic Regression,1.0000,1.0000,1.0000,1.0000,1.0000,1.0000
99,Decision Tree,1.0000,1.0000,1.0000,1.0000,1.0000,1.0000
99,KNN (k=5),0.8500,0.9286,0.8667,0.8966,0.8119,0.9667
99,SVM (RBF),1.0000,1.0000,1.0000,1.0000,1.0000,1.0000
99,Random Forest,1.0000,1.0000,1.0000,1.0000,1.0000,1.0000
