fold,config,accuracy,f1_macro
0,"C1: পেপারের মতো (raw+log+crop, outlier বাদ)",0.9500,0.9283
0,"C2: crop বাদ (raw+log, outlier বাদ)",0.9500,0.9283
0,C3: শুধু raw (outlier বাদ),0.9500,0.9283
0,C4: শুধু log (outlier বাদ),0.9500,0.9283
0,C5: শুধু raw (outlier বাদ নয়),0.9500,0.9283
0,C6: শুধু log (outlier বাদ নয়),0.9500,0.9283
0,C7: raw+log (outlier বাদ নয়),0.9500,0.9283
0,C8: শুধু moisture (temp বাদ),0.9500,0.9283
1,"C1: পেপারের মতো (raw+log+crop, outlier বাদ)",1.0000,1.0000
1,"C2: crop বাদ (raw+log, outlier বাদ)",1.0000,1.0000
1,C3: শুধু raw (outlier বাদ),1.0000,1.0000
1,C4: শুধু log (outlier বাদ),1.0000,1.0000
1,C5: শুধু raw (outlier বাদ নয়),1.0000,1.0000
1,C6: শুধু log (outlier বাদ নয়),1.0000,1.0000
1,C7: raw+log (outlier বাদ নয়),1.0000,1.0000
1,C8: শুধু moisture (temp বাদ),1.0000,1.0000
2,"C1: পেপারের মতো (raw+log+crop, outlier বাদ)",0.9500,0.9283
2,"C2: crop বাদ (raw+log, outlier বাদ)",0.9500,0.9283
2,C3: শুধু raw (outlier বাদ),0.9500,0.9283
2,C4: শুধু log (outlier বাদ),0.9500,0.9283
2,C5: শুধু raw (outlier বাদ নয়),0.9500,0.9283
2,C6: শুধু log (outlier বাদ নয়),0.9500,0.9283
2,C7: raw+log (outlier বাদ নয়),0.9500,0.9283
2,C8: শুধু moisture (temp বাদ),0.9500,0.9283
3,"C1: পেপারের মতো (raw+log+crop, outlier বাদ)",0.9500,0.9283
3,"C2: crop বাদ (raw+log, outlier বাদ)",0.9500,0.9283
3,C3: শুধু raw (outlier বাদ),0.9500,0.9283
3,C4: শুধু log (outlier বাদ),0.9500,0.9283
3,C5: শুধু raw (outlier বাদ নয়),0.9500,0.9283
3,C6: শুধু log (outlier বাদ নয়),0.9500,0.9283
3,C7: raw+log (outlier বাদ নয়),0.9500,0.9283
3,C8: শুধু moisture (temp বাদ),0.9500,0.9283
4,"C1: পেপারের মতো (raw+log+crop, outlier বাদ)",1.0000,1.0000
4,"C2: crop বাদ (raw+log, outlier বাদ)",1.0000,1.0000
4,C3: শুধু raw (outlier বাদ),1.0000,1.0000
4,C4: শুধু log (outlier বাদ),1.0000,1.0000
4,C5: শুধু raw (outlier বাদ নয়),1.0000,1.0000
4,C6: শুধু log (outlier বাদ নয়),1.0000,1.0000
4,C7: raw+log (outlier বাদ নয়),1.0000,1.0000
4,C8: শুধু moisture (temp বাদ),1.0000,1.0000
5,"C1: পেপারের মতো (raw+log+crop, outlier বাদ)",1.0000,1.0000
5,"C2: crop বাদ (raw+log, outlier বাদ)",1.0000,1.0000
5,C3: শুধু raw (outlier বাদ),0.9500,0.9283
5,C4: শুধু log (outlier বাদ),0.9500,0.9283
5,C5: শুধু raw (outlier বাদ নয়),0.9500,0.9283
5,C6: শুধু log (outlier বাদ নয়),0.9500,0.9283
5,C7: raw+log (outlier বাদ নয়),1.0000,1.0000
5,C8: শুধু moisture (temp বাদ),0.9500,0.9283
6,"C1: পেপারের মতো (raw+log+crop, outlier বাদ)",1.0000,1.0000
6,"C2: crop বাদ (raw+log, outlier বাদ)",1.0000,1.0000
6,C3: শুধু raw (outlier বাদ),1.0000,1.0000
6,C4: শুধু log (outlier বাদ),1.0000,1.0000
6,C5: শুধু raw (outlier বাদ নয়),1.0000,1.0000
6,C6: শুধু log (outlier বাদ নয়),1.0000,1.0000
6,C7: raw+log (outlier বাদ নয়),1.0000,1.0000
6,C8: শুধু moisture (temp বাদ),1.0000,1.0000
7,"C1: পেপারের মতো (raw+log+crop, outlier বাদ)",1.0000,1.0000
7,"C2: crop বাদ (raw+log, outlier বাদ)",1.0000,1.0000
7,C3: শুধু raw (outlier বাদ),1.0000,1.0000
7,C4: শুধু log (outlier বাদ),1.0000,1.0000
7,C5: শুধু raw (outlier বাদ নয়),1.0000,1.0000
7,C6: শুধু log (outlier বাদ নয়),1.0000,1.0000
7,C7: raw+log (outlier বাদ নয়),1.0000,1.0000
7,C8: শুধু moisture (temp বাদ),1.0000,1.0000
8,"C1: পেপারের মতো (raw+log+crop, outlier বাদ)",1.0000,1.0000
8,"C2: crop বাদ (raw+log, outlier বাদ)",1.0000,1.0000
8,C3: শুধু raw (outlier বাদ),1.0000,1.0000
8,C4: শুধু log (outlier বাদ),1.0000,1.0000
8,C5: শুধু raw (outlier বাদ নয়),1.0000,1.0000
8,C6: শুধু log (outlier বাদ নয়),1.0000,1.0000
8,C7: raw+log (outlier বাদ নয়),1.0000,1.0000
8,C8: শুধু moisture (temp বাদ),1.0000,1.0000
9,"C1: পেপারের মতো (raw+log+crop, outlier বাদ)",1.0000,1.0000
9,"C2: crop বাদ (raw+log, outlier বাদ)",1.0000,1.0000
9,C3: শুধু raw (outlier বাদ),0.9500,0.9283
9,C4: শুধু log (outlier বাদ),1.0000,1.0000
9,C5: শুধু raw (outlier বাদ নয়),0.9500,0.9283
9,C6: শুধু log (outlier বাদ নয়),0.9500,0.9283
9,C7: raw+log (outlier বাদ নয়),1.0000,1.0000
9,C8: শুধু moisture (temp বাদ),0.9500,0.9283
10,"C1: পেপারের মতো (raw+log+crop, outlier বাদ)",0.9500,0.9283
10,"C2: crop বাদ (raw+log, outlier বাদ)",0.9500,0.9283
10,C3: শুধু raw (outlier বাদ),0.9500,0.9283
10,C4: শুধু log (outlier বাদ),0.9500,0.9283
10,C5: শুধু raw (outlier বাদ নয়),0.9500,0.9283
10,C6: শুধু log (outlier বাদ নয়),0.9500,0.9283
10,C7: raw+log (outlier বাদ নয়),0.9500,0.9283
10,C8: শুধু moisture (temp বাদ),0.9500,0.9283
11,"C1: পেপারের মতো (raw+log+crop, outlier বাদ)",0.9500,0.9283
11,"C2: crop বাদ (raw+log, outlier বাদ)",0.9500,0.9283
11,C3: শুধু raw (outlier বাদ),0.9500,0.9283
11,C4: শুধু log (outlier বাদ),0.9500,0.9283
11,C5: শুধু raw (outlier বাদ নয়),0.9500,0.9283
11,C6: শুধু log (outlier বাদ নয়),0.9500,0.9283
11,C7: raw+log (outlier বাদ নয়),0.9500,0.9283
11,C8: শুধু moisture (temp বাদ),0.9500,0.9283
12,"C1: পেপারের মতো (raw+log+crop, outlier বাদ)",1.0000,1.0000
12,"C2: crop বাদ (raw+log, outlier বাদ)",1.0000,1.0000
12,C3: শুধু raw (outlier বাদ),1.0000,1.0000
12,C4: শুধু log (outlier বাদ),1.0000,1.0000
12,C5: শুধু raw (outlier বাদ নয়),1.0000,1.0000
12,C6: শুধু log (outlier বাদ নয়),1.0000,1.0000
12,C7: raw+log (outlier বাদ নয়),1.0000,1.0000
12,C8: শুধু moisture (temp বাদ),1.0000,1.0000
13,"C1: পেপারের মতো (raw+log+crop, outlier বাদ)",1.0000,1.0000
13,"C2: crop বাদ (raw+log, outlier বাদ)",1.0000,1.0000
13,C3: শুধু raw (outlier বাদ),1.0000,1.0000
13,C4: শুধু log (outlier বাদ),1.0000,1.0000
13,C5: শুধু raw (outlier বাদ নয়),1.0000,1.0000
13,C6: শুধু log (outlier বাদ নয়),1.0000,1.0000
13,C7: raw+log (outlier বাদ নয়),1.0000,1.0000
13,C8: শুধু moisture (temp বাদ),1.0000,1.0000
14,"C1: পেপারের মতো (raw+log+crop, outlier বাদ)",1.0000,1.0000
14,"C2: crop বাদ (raw+log, outlier বাদ)",1.0000,1.0000
14,C3: শুধু raw (outlier বাদ),0.9500,0.9283
14,C4: শুধু log (outlier বাদ),1.0000,1.0000
14,C5: শুধু raw (outlier বাদ নয়),0.9500,0.9283
14,C6: শুধু log (outlier বাদ নয়),0.9500,0.9283
14,C7: raw+log (outlier বাদ নয়),1.0000,1.0000
14,C8: শুধু moisture (temp বাদ),0.9500,0.9283
15,"C1: পেপারের মতো (raw+log+crop, outlier বাদ)",1.0000,1.0000
15,"C2: crop বাদ (raw+log, outlier বাদ)",1.0000,1.0000
15,C3: শুধু raw (outlier বাদ),1.0000,1.0000
15,C4: শুধু log (outlier বাদ),1.0000,1.0000
15,C5: শুধু raw (outlier বাদ নয়),1.0000,1.0000
15,C6: শুধু log (outlier বাদ নয়),1.0000,1.0000
15,C7: raw+log (outlier বাদ নয়),1.0000,1.0000
15,C8: শুধু moisture (temp বাদ),1.0000,1.0000
16,"C1: পেপারের মতো (raw+log+crop, outlier বাদ)",0.9500,0.9283
16,"C2: crop বাদ (raw+log, outlier বাদ)",0.9500,0.9283
16,C3: শুধু raw (outlier বাদ),0.9500,0.9283
16,C4: শুধু log (outlier বাদ),0.9500,0.9283
16,C5: শুধু raw (outlier বাদ নয়),0.9500,0.9283
16,C6: শুধু log (outlier বাদ নয়),0.9500,0.9283
16,C7: raw+log (outlier বাদ নয়),0.9500,0.9283
16,C8: শুধু moisture (temp বাদ),0.9500,0.9283
17,"C1: পেপারের মতো (raw+log+crop, outlier বাদ)",1.0000,1.0000
17,"C2: crop বাদ (raw+log, outlier বাদ)",1.0000,1.0000
17,C3: শুধু raw (outlier বাদ),1.0000,1.0000
17,C4: শুধু log (outlier বাদ),1.0000,1.0000
17,C5: শুধু raw (outlier বাদ নয়),1.0000,1.0000
17,C6: শুধু log (outlier বাদ নয়),1.0000,1.0000
17,C7: raw+log (outlier বাদ নয়),1.0000,1.0000
17,C8: শুধু moisture (temp বাদ),1.0000,1.0000
18,"C1: পেপারের মতো (raw+log+crop, outlier বাদ)",1.0000,1.0000
18,"C2: crop বাদ (raw+log, outlier বাদ)",1.0000,1.0000
18,C3: শুধু raw (outlier বাদ),0.9500,0.9283
18,C4: শুধু log (outlier বাদ),1.0000,1.0000
18,C5: শুধু raw (outlier বাদ নয়),0.9500,0.9283
18,C6: শুধু log (outlier বাদ নয়),1.0000,1.0000
18,C7: raw+log (outlier বাদ নয়),1.0000,1.0000
18,C8: শুধু moisture (temp বাদ),0.9500,0.9283
19,"C1: পেপারের মতো (raw+log+crop, outlier বাদ)",1.0000,1.0000
19,"C2: crop বাদ (raw+log, outlier বাদ)",1.0000,1.0000
19,C3: শুধু raw (outlier বাদ),1.0000,1.0000
19,C4: শুধু log (outlier বাদ),1.0000,1.0000
19,C5: শুধু raw (outlier বাদ নয়),1.0000,1.0000
19,C6: শুধু log (outlier বাদ নয়),1.0000,1.0000
19,C7: raw+log (outlier বাদ নয়),1.0000,1.0000
19,C8: শুধু moisture (temp বাদ),1.0000,1.0000
20,"C1: পেপারের মতো (raw+log+crop, outlier বাদ)",0.9500,0.9283
20,"C2: crop বাদ (raw+log, outlier বাদ)",0.9500,0.9283
20,C3: শুধু raw (outlier বাদ),0.9500,0.9283
20,C4: শুধু log (outlier বাদ),0.9500,0.9283
20,C5: শুধু raw (outlier বাদ নয়),0.9500,0.9283
20,C6: শুধু log (outlier বাদ নয়),0.9500,0.9283
20,C7: raw+log (outlier বাদ নয়),0.9500,0.9283
20,C8: শুধু moisture (temp বাদ),0.9500,0.9283
21,"C1: পেপারের মতো (raw+log+crop, outlier বাদ)",0.9500,0.9283
21,"C2: crop বাদ (raw+log, outlier বাদ)",0.9500,0.9283
21,C3: শুধু raw (outlier বাদ),0.9500,0.9283
21,C4: শুধু log (outlier বাদ),0.9500,0.9283
21,C5: শুধু raw (outlier বাদ নয়),0.9500,0.9283
21,C6: শুধু log (outlier বাদ নয়),0.9500,0.9283
21,C7: raw+log (outlier বাদ নয়),0.9500,0.9283
21,C8: শুধু moisture (temp বাদ),0.9500,0.9283
22,"C1: পেপারের মতো (raw+log+crop, outlier বাদ)",1.0000,1.0000
22,"C2: crop বাদ (raw+log, outlier বাদ)",1.0000,1.0000
22,C3: শুধু raw (outlier বাদ),1.0000,1.0000
22,C4: শুধু log (outlier বাদ),1.0000,1.0000
22,C5: শুধু raw (outlier বাদ নয়),1.0000,1.0000
22,C6: শুধু log (outlier বাদ নয়),1.0000,1.0000
22,C7: raw+log (outlier বাদ নয়),1.0000,1.0000
22,C8: শুধু moisture (temp বাদ),1.0000,1.0000
23,"C1: পেপারের মতো (raw+log+crop, outlier বাদ)",1.0000,1.0000
23,"C2: crop বাদ (raw+log, outlier বাদ)",1.0000,1.0000
23,C3: শুধু raw (outlier বাদ),1.0000,1.0000
23,C4: শুধু log (outlier বাদ),1.0000,1.0000
23,C5: শুধু raw (outlier বাদ নয়),1.0000,1.0000
23,C6: শুধু log (outlier বাদ নয়),1.0000,1.0000
23,C7: raw+log (outlier বাদ নয়),1.0000,1.0000
23,C8: শুধু moisture (temp বাদ),1.0000,1.0000
24,"C1: পেপারের মতো (raw+log+crop, outlier বাদ)",1.0000,1.0000
24,"C2: crop বাদ (raw+log, outlier বাদ)",1.0000,1.0000
24,C3: শুধু raw (outlier বাদ),1.0000,1.0000
24,C4: শুধু log (outlier বাদ),1.0000,1.0000
24,C5: শুধু raw (outlier বাদ নয়),1.0000,1.0000
24,C6: শুধু log (outlier বাদ নয়),1.0000,1.0000
24,C7: raw+log (outlier বাদ নয়),1.0000,1.0000
24,C8: শুধু moisture (temp বাদ),1.0000,1.0000
25,"C1: পেপারের মতো (raw+log+crop, outlier বাদ)",1.0000,1.0000
25,"C2: crop বাদ (raw+log, outlier বাদ)",1.0000,1.0000
25,C3: শুধু raw (outlier বাদ),1.0000,1.0000
25,C4: শুধু log (outlier বাদ),1.0000,1.0000
25,C5: শুধু raw (outlier বাদ নয়),1.0000,1.0000
25,C6: শুধু log (outlier বাদ নয়),1.0000,1.0000
25,C7: raw+log (outlier বাদ নয়),1.0000,1.0000
25,C8: শুধু moisture (temp বাদ),1.0000,1.0000
26,"C1: পেপারের মতো (raw+log+crop, outlier বাদ)",1.0000,1.0000
26,"C2: crop বাদ (raw+log, outlier বাদ)",1.0000,1.0000
26,C3: শুধু raw (outlier বাদ),1.0000,1.0000
26,C4: শুধু log (outlier বাদ),1.0000,1.0000
26,C5: শুধু raw (outlier বাদ নয়),1.0000,1.0000
26,C6: শুধু log (outlier বাদ নয়),1.0000,1.0000
26,C7: raw+log (outlier বাদ নয়),1.0000,1.0000
26,C8: শুধু moisture (temp বাদ),1.0000,1.0000
27,"C1: পেপারের মতো (raw+log+crop, outlier বাদ)",1.0000,1.0000
27,"C2: crop বাদ (raw+log, outlier বাদ)",1.0000,1.0000
27,C3: শুধু raw (outlier বাদ),0.9500,0.9283
27,C4: শুধু log (outlier বাদ),1.0000,1.0000
27,C5: শুধু raw (outlier বাদ নয়),0.9500,0.9283
27,C6: শুধু log (outlier বাদ নয়),0.9500,0.9283
27,C7: raw+log (outlier বাদ নয়),1.0000,1.0000
27,C8: শুধু moisture (temp বাদ),0.9500,0.9283
28,"C1: পেপারের মতো (raw+log+crop, outlier বাদ)",0.9500,0.9283
28,"C2: crop বাদ (raw+log, outlier বাদ)",0.9500,0.9283
28,C3: শুধু raw (outlier বাদ),0.9000,0.8438
28,C4: শুধু log (outlier বাদ),0.9000,0.8438
28,C5: শুধু raw (outlier বাদ নয়),0.9000,0.8438
28,C6: শুধু log (outlier বাদ নয়),0.9000,0.8438
28,C7: raw+log (outlier বাদ নয়),0.9500,0.9283
28,C8: শুধু moisture (temp বাদ),0.9000,0.8438
29,"C1: পেপারের মতো (raw+log+crop, outlier বাদ)",1.0000,1.0000
29,"C2: crop বাদ (raw+log, outlier বাদ)",1.0000,1.0000
29,C3: শুধু raw (outlier বাদ),1.0000,1.0000
29,C4: শুধু log (outlier বাদ),1.0000,1.0000
29,C5: শুধু raw (outlier বাদ নয়),1.0000,1.0000
29,C6: শুধু log (outlier বাদ নয়),1.0000,1.0000
29,C7: raw+log (outlier বাদ নয়),1.0000,1.0000
29,C8: শুধু moisture (temp বাদ),1.0000,1.0000
30,"C1: পেপারের মতো (raw+log+crop, outlier বাদ)",1.0000,1.0000
30,"C2: crop বাদ (raw+log, outlier বাদ)",1.0000,1.0000
30,C3: শুধু raw (outlier বাদ),1.0000,1.0000
30,C4: শুধু log (outlier বাদ),1.0000,1.0000
30,C5: শুধু raw (outlier বাদ নয়),1.0000,1.0000
30,C6: শুধু log (outlier বাদ নয়),1.0000,1.0000
30,C7: raw+log (outlier বাদ নয়),1.0000,1.0000
30,C8: শুধু moisture (temp বাদ),1.0000,1.0000
31,"C1: পেপারের মতো (raw+log+crop, outlier বাদ)",0.9500,0.9283
31,"C2: crop বাদ (raw+log, outlier বাদ)",0.9500,0.9283
31,C3: শুধু raw (outlier বাদ),0.9500,0.9283
31,C4: শুধু log (outlier বাদ),0.9500,0.9283
31,C5: শুধু raw (outlier বাদ নয়),0.9500,0.9283
31,C6: শুধু log (outlier বাদ নয়),0.9500,0.9283
31,C7: raw+log (outlier বাদ নয়),0.9500,0.9283
31,C8: শুধু moisture (temp বাদ),0.9500,0.9283
32,"C1: পেপারের মতো (raw+log+crop, outlier বাদ)",1.0000,1.0000
32,"C2: crop বাদ (raw+log, outlier বাদ)",1.0000,1.0000
32,C3: শুধু raw (outlier বাদ),1.0000,1.0000
32,C4: শুধু log (outlier বাদ),1.0000,1.0000
32,C5: শুধু raw (outlier বাদ নয়),0.9500,0.9283
32,C6: শুধু log (outlier বাদ নয়),1.0000,1.0000
32,C7: raw+log (outlier বাদ নয়),1.0000,1.0000
32,C8: শুধু moisture (temp বাদ),1.0000,1.0000
33,"C1: পেপারের মতো (raw+log+crop, outlier বাদ)",0.9500,0.9283
33,"C2: crop বাদ (raw+log, outlier বাদ)",0.9500,0.9283
33,C3: শুধু raw (outlier বাদ),0.9500,0.9283
33,C4: শুধু log (outlier বাদ),0.9500,0.9283
33,C5: শুধু raw (outlier বাদ নয়),0.9500,0.9283
33,C6: শুধু log (outlier বাদ নয়),0.9500,0.9283
33,C7: raw+log (outlier বাদ নয়),0.9500,0.9283
33,C8: শুধু moisture (temp বাদ),0.9500,0.9283
34,"C1: পেপারের মতো (raw+log+crop, outlier বাদ)",1.0000,1.0000
34,"C2: crop বাদ (raw+log, outlier বাদ)",1.0000,1.0000
34,C3: শুধু raw (outlier বাদ),1.0000,1.0000
34,C4: শুধু log (outlier বাদ),1.0000,1.0000
34,C5: শুধু raw (outlier বাদ নয়),1.0000,1.0000
34,C6: শুধু log (outlier বাদ নয়),1.0000,1.0000
34,C7: raw+log (outlier বাদ নয়),1.0000,1.0000
34,C8: শুধু moisture (temp বাদ),1.0000,1.0000
35,"C1: পেপারের মতো (raw+log+crop, outlier বাদ)",1.0000,1.0000
35,"C2: crop বাদ (raw+log, outlier বাদ)",1.0000,1.0000
35,C3: শুধু raw (outlier বাদ),1.0000,1.0000
35,C4: শুধু log (outlier বাদ),1.0000,1.0000
35,C5: শুধু raw (outlier বাদ নয়),1.0000,1.0000
35,C6: শুধু log (outlier বাদ নয়),1.0000,1.0000
35,C7: raw+log (outlier বাদ নয়),1.0000,1.0000
35,C8: শুধু moisture (temp বাদ),1.0000,1.0000
36,"C1: পেপারের মতো (raw+log+crop, outlier বাদ)",1.0000,1.0000
36,"C2: crop বাদ (raw+log, outlier বাদ)",1.0000,1.0000
36,C3: শুধু raw (outlier বাদ),1.0000,1.0000
36,C4: শুধু log (outlier বাদ),1.0000,1.0000
36,C5: শুধু raw (outlier বাদ নয়),1.0000,1.0000
36,C6: শুধু log (outlier বাদ নয়),1.0000,1.0000
36,C7: raw+log (outlier বাদ নয়),1.0000,1.0000
36,C8: শুধু moisture (temp বাদ),1.0000,1.0000
37,"C1: পেপারের মতো (raw+log+crop, outlier বাদ)",1.0000,1.0000
37,"C2: crop বাদ (raw+log, outlier বাদ)",1.0000,1.0000
37,C3: শুধু raw (outlier বাদ),1.0000,1.0000
37,C4: শুধু log (outlier বাদ),1.0000,1.0000
37,C5: শুধু raw (outlier বাদ নয়),1.0000,1.0000
37,C6: শুধু log (outlier বাদ নয়),1.0000,1.0000
37,C7: raw+log (outlier বাদ নয়),1.0000,1.0000
37,C8: শুধু moisture (temp বাদ),1.0000,1.0000
38,"C1: পেপারের মতো (raw+log+crop, outlier বাদ)",1.0000,1.0000
38,"C2: crop বাদ (raw+log, outlier বাদ)",1.0000,1.0000
38,C3: শুধু raw (outlier বাদ),0.9500,0.9283
38,C4: শুধু log (outlier বাদ),1.0000,1.0000
38,C5: শুধু raw (outlier বাদ নয়),0.9500,0.9283
38,C6: শুধু log (outlier বাদ নয়),0.9500,0.9283
38,C7: raw+log (outlier বাদ নয়),1.0000,1.0000
38,C8: শুধু moisture (temp বাদ),0.9500,0.9283
39,"C1: পেপারের মতো (raw+log+crop, outlier বাদ)",0.9500,0.9283
39,"C2: crop বাদ (raw+log, outlier বাদ)",0.9500,0.9283
39,C3: শুধু raw (outlier বাদ),0.9500,0.9283
39,C4: শুধু log (outlier বাদ),0.9500,0.9283
39,C5: শুধু raw (outlier বাদ নয়),0.9500,0.9283
39,C6: শুধু log (outlier বাদ নয়),0.9500,0.9283
39,C7: raw+log (outlier বাদ নয়),0.9500,0.9283
39,C8: শুধু moisture (temp বাদ),0.9500,0.9283
40,"C1: পেপারের মতো (raw+log+crop, outlier বাদ)",1.0000,1.0000
40,"C2: crop বাদ (raw+log, outlier বাদ)",1.0000,1.0000
40,C3: শুধু raw (outlier বাদ),1.0000,1.0000
40,C4: শুধু log (outlier বাদ),1.0000,1.0000
40,C5: শুধু raw (outlier বাদ নয়),0.9500,0.9283
40,C6: শুধু log (outlier বাদ নয়),0.9500,0.9283
40,C7: raw+log (outlier বাদ নয়),1.0000,1.0000
40,C8: শুধু moisture (temp বাদ),0.9500,0.9283
41,"C1: পেপারের মতো (raw+log+crop, outlier বাদ)",1.0000,1.0000
41,"C2: crop বাদ (raw+log, outlier বাদ)",1.0000,1.0000
41,C3: শুধু raw (outlier বাদ),1.0000,1.0000
41,C4: শুধু log (outlier বাদ),1.0000,1.0000
41,C5: শুধু raw (outlier বাদ নয়),1.0000,1.0000
41,C6: শুধু log (outlier বাদ নয়),1.0000,1.0000
41,C7: raw+log (outlier বাদ নয়),1.0000,1.0000
41,C8: শুধু moisture (temp বাদ),1.0000,1.0000
42,"C1: পেপারের মতো (raw+log+crop, outlier বাদ)",1.0000,1.0000
42,"C2: crop বাদ (raw+log, outlier বাদ)",1.0000,1.0000
42,C3: শুধু raw (outlier বাদ),1.0000,1.0000
42,C4: শুধু log (outlier বাদ),1.0000,1.0000
42,C5: শুধু raw (outlier বাদ নয়),1.0000,1.0000
42,C6: শুধু log (outlier বাদ নয়),1.0000,1.0000
42,C7: raw+log (outlier বাদ নয়),1.0000,1.0000
42,C8: শুধু moisture (temp বাদ),1.0000,1.0000
43,"C1: পেপারের মতো (raw+log+crop, outlier বাদ)",0.9500,0.9283
43,"C2: crop বাদ (raw+log, outlier বাদ)",0.9500,0.9283
43,C3: শুধু raw (outlier বাদ),0.9500,0.9283
43,C4: শুধু log (outlier বাদ),0.9500,0.9283
43,C5: শুধু raw (outlier বাদ নয়),0.9500,0.9283
43,C6: শুধু log (outlier বাদ নয়),0.9500,0.9283
43,C7: raw+log (outlier বাদ নয়),0.9500,0.9283
43,C8: শুধু moisture (temp বাদ),0.9500,0.9283
44,"C1: পেপারের মতো (raw+log+crop, outlier বাদ)",0.9500,0.9283
44,"C2: crop বাদ (raw+log, outlier বাদ)",0.9500,0.9283
44,C3: শুধু raw (outlier বাদ),0.9500,0.9283
44,C4: শুধু log (outlier বাদ),0.9500,0.9283
44,C5: শুধু raw (outlier বাদ নয়),0.9500,0.9283
44,C6: শুধু log (outlier বাদ নয়),0.9500,0.9283
44,C7: raw+log (outlier বাদ নয়),0.9500,0.9283
44,C8: শুধু moisture (temp বাদ),0.9500,0.9283
45,"C1: পেপারের মতো (raw+log+crop, outlier বাদ)",1.0000,1.0000
45,"C2: crop বাদ (raw+log, outlier বাদ)",1.0000,1.0000
45,C3: শুধু raw (outlier বাদ),1.0000,1.0000
45,C4: শুধু log (outlier বাদ),1.0000,1.0000
45,C5: শুধু raw (outlier বাদ নয়),1.0000,1.0000
45,C6: শুধু log (outlier বাদ নয়),1.0000,1.0000
45,C7: raw+log (outlier বাদ নয়),1.0000,1.0000
45,C8: শুধু moisture (temp বাদ),1.0000,1.0000
46,"C1: পেপারের মতো (raw+log+crop, outlier বাদ)",1.0000,1.0000
46,"C2: crop বাদ (raw+log, outlier বাদ)",1.0000,1.0000
46,C3: শুধু raw (outlier বাদ),0.9500,0.9283
46,C4: শুধু log (outlier বাদ),1.0000,1.0000
46,C5: শুধু raw (outlier বাদ নয়),0.9500,0.9283
46,C6: শুধু log (outlier বাদ নয়),1.0000,1.0000
46,C7: raw+log (outlier বাদ নয়),1.0000,1.0000
46,C8: শুধু moisture (temp বাদ),0.9500,0.9283
47,"C1: পেপারের মতো (raw+log+crop, outlier বাদ)",1.0000,1.0000
47,"C2: crop বাদ (raw+log, outlier বাদ)",1.0000,1.0000
47,C3: শুধু raw (outlier বাদ),1.0000,1.0000
47,C4: শুধু log (outlier বাদ),1.0000,1.0000
47,C5: শুধু raw (outlier বাদ নয়),1.0000,1.0000
47,C6: শুধু log (outlier বাদ নয়),1.0000,1.0000
47,C7: raw+log (outlier বাদ নয়),1.0000,1.0000
47,C8: শুধু moisture (temp বাদ),1.0000,1.0000
48,"C1: পেপারের মতো (raw+log+crop, outlier বাদ)",1.0000,1.0000
48,"C2: crop বাদ (raw+log, outlier বাদ)",1.0000,1.0000
48,C3: শুধু raw (outlier বাদ),1.0000,1.0000
48,C4: শুধু log (outlier বাদ),1.0000,1.0000
48,C5: শুধু raw (outlier বাদ নয়),1.0000,1.0000
48,C6: শুধু log (outlier বাদ নয়),1.0000,1.0000
48,C7: raw+log (outlier বাদ নয়),1.0000,1.0000
48,C8: শুধু moisture (temp বাদ),1.0000,1.0000
49,"C1: পেপারের মতো (raw+log+crop, outlier বাদ)",0.9500,0.9283
49,"C2: crop বাদ (raw+log, outlier বাদ)",0.9500,0.9283
49,C3: শুধু raw (outlier বাদ),0.9500,0.9283
49,C4: শুধু log (outlier বাদ),0.9500,0.9283
49,C5: শুধু raw (outlier বাদ নয়),0.9500,0.9283
49,C6: শুধু log (outlier বাদ নয়),0.9500,0.9283
49,C7: raw+log (outlier বাদ নয়),0.9500,0.9283
49,C8: শুধু moisture (temp বাদ),0.9500,0.9283
50,"C1: পেপারের মতো (raw+log+crop, outlier বাদ)",1.0000,1.0000
50,"C2: crop বাদ (raw+log, outlier বাদ)",1.0000,1.0000
50,C3: শুধু raw (outlier বাদ),0.9500,0.9283
50,C4: শুধু log (outlier বাদ),1.0000,1.0000
50,C5: শুধু raw (outlier বাদ নয়),0.9500,0.9283
50,C6: শুধু log (outlier বাদ নয়),0.9500,0.9283
50,C7: raw+log (outlier বাদ নয়),1.0000,1.0000
50,C8: শুধু moisture (temp বাদ),0.9500,0.9283
51,"C1: পেপারের মতো (raw+log+crop, outlier বাদ)",0.9500,0.9283
51,"C2: crop বাদ (raw+log, outlier বাদ)",0.9500,0.9283
51,C3: শুধু raw (outlier বাদ),0.9500,0.9283
51,C4: শুধু log (outlier বাদ),0.9500,0.9283
51,C5: শুধু raw (outlier বাদ নয়),0.9000,0.8438
51,C6: শুধু log (outlier বাদ নয়),0.9500,0.9283
51,C7: raw+log (outlier বাদ নয়),0.9500,0.9283
51,C8: শুধু moisture (temp বাদ),0.9500,0.9283
52,"C1: পেপারের মতো (raw+log+crop, outlier বাদ)",1.0000,1.0000
52,"C2: crop বাদ (raw+log, outlier বাদ)",1.0000,1.0000
52,C3: শুধু raw (outlier বাদ),1.0000,1.0000
52,C4: শুধু log (outlier বাদ),1.0000,1.0000
52,C5: শুধু raw (outlier বাদ নয়),1.0000,1.0000
52,C6: শুধু log (outlier বাদ নয়),1.0000,1.0000
52,C7: raw+log (outlier বাদ নয়),1.0000,1.0000
52,C8: শুধু moisture (temp বাদ),1.0000,1.0000
53,"C1: পেপারের মতো (raw+log+crop, outlier বাদ)",1.0000,1.0000
53,"C2: crop বাদ (raw+log, outlier বাদ)",1.0000,1.0000
53,C3: শুধু raw (outlier বাদ),1.0000,1.0000
53,C4: শুধু log (outlier বাদ),1.0000,1.0000
53,C5: শুধু raw (outlier বাদ নয়),1.0000,1.0000
53,C6: শুধু log (outlier বাদ নয়),1.0000,1.0000
53,C7: raw+log (outlier বাদ নয়),1.0000,1.0000
53,C8: শুধু moisture (temp বাদ),1.0000,1.0000
54,"C1: পেপারের মতো (raw+log+crop, outlier বাদ)",1.0000,1.0000
54,"C2: crop বাদ (raw+log, outlier বাদ)",1.0000,1.0000
54,C3: শুধু raw (outlier বাদ),1.0000,1.0000
54,C4: শুধু log (outlier বাদ),1.0000,1.0000
54,C5: শুধু raw (outlier বাদ নয়),1.0000,1.0000
54,C6: শুধু log (outlier বাদ নয়),1.0000,1.0000
54,C7: raw+log (outlier বাদ নয়),1.0000,1.0000
54,C8: শুধু moisture (temp বাদ),1.0000,1.0000
55,"C1: পেপারের মতো (raw+log+crop, outlier বাদ)",0.9500,0.9283
55,"C2: crop বাদ (raw+log, outlier বাদ)",0.9500,0.9283
55,C3: শুধু raw (outlier বাদ),0.9500,0.9283
55,C4: শুধু log (outlier বাদ),0.9500,0.9283
55,C5: শুধু raw (outlier বাদ নয়),0.9500,0.9283
55,C6: শুধু log (outlier বাদ নয়),0.9500,0.9283
55,C7: raw+log (outlier বাদ নয়),0.9500,0.9283
55,C8: শুধু moisture (temp বাদ),0.9500,0.9283
56,"C1: পেপারের মতো (raw+log+crop, outlier বাদ)",1.0000,1.0000
56,"C2: crop বাদ (raw+log, outlier বাদ)",1.0000,1.0000
56,C3: শুধু raw (outlier বাদ),1.0000,1.0000
56,C4: শুধু log (outlier বাদ),1.0000,1.0000
56,C5: শুধু raw (outlier বাদ নয়),1.0000,1.0000
56,C6: শুধু log (outlier বাদ নয়),1.0000,1.0000
56,C7: raw+log (outlier বাদ নয়),1.0000,1.0000
56,C8: শুধু moisture (temp বাদ),1.0000,1.0000
57,"C1: পেপারের মতো (raw+log+crop, outlier বাদ)",1.0000,1.0000
57,"C2: crop বাদ (raw+log, outlier বাদ)",1.0000,1.0000
57,C3: শুধু raw (outlier বাদ),1.0000,1.0000
57,C4: শুধু log (outlier বাদ),1.0000,1.0000
57,C5: শুধু raw (outlier বাদ নয়),1.0000,1.0000
57,C6: শুধু log (outlier বাদ নয়),1.0000,1.0000
57,C7: raw+log (outlier বাদ নয়),1.0000,1.0000
57,C8: শুধু moisture (temp বাদ),1.0000,1.0000
58,"C1: পেপারের মতো (raw+log+crop, outlier বাদ)",0.9500,0.9283
58,"C2: crop বাদ (raw+log, outlier বাদ)",0.9500,0.9283
58,C3: শুধু raw (outlier বাদ),0.9500,0.9283
58,C4: শুধু log (outlier বাদ),0.9500,0.9283
58,C5: শুধু raw (outlier বাদ নয়),0.9500,0.9283
58,C6: শুধু log (outlier বাদ নয়),0.9500,0.9283
58,C7: raw+log (outlier বাদ নয়),0.9500,0.9283
58,C8: শুধু moisture (temp বাদ),0.9500,0.9283
59,"C1: পেপারের মতো (raw+log+crop, outlier বাদ)",1.0000,1.0000
59,"C2: crop বাদ (raw+log, outlier বাদ)",1.0000,1.0000
59,C3: শুধু raw (outlier বাদ),1.0000,1.0000
59,C4: শুধু log (outlier বাদ),1.0000,1.0000
59,C5: শুধু raw (outlier বাদ নয়),1.0000,1.0000
59,C6: শুধু log (outlier বাদ নয়),1.0000,1.0000
59,C7: raw+log (outlier বাদ নয়),1.0000,1.0000
59,C8: শুধু moisture (temp বাদ),1.0000,1.0000
60,"C1: পেপারের মতো (raw+log+crop, outlier বাদ)",1.0000,1.0000
60,"C2: crop বাদ (raw+log, outlier বাদ)",1.0000,1.0000
60,C3: শুধু raw (outlier বাদ),1.0000,1.0000
60,C4: শুধু log (outlier বাদ),1.0000,1.0000
60,C5: শুধু raw (outlier বাদ নয়),0.9500,0.9283
60,C6: শুধু log (outlier বাদ নয়),0.9500,0.9283
60,C7: raw+log (outlier বাদ নয়),1.0000,1.0000
60,C8: শুধু moisture (temp বাদ),0.9500,0.9283
61,"C1: পেপারের মতো (raw+log+crop, outlier বাদ)",1.0000,1.0000
61,"C2: crop বাদ (raw+log, outlier বাদ)",1.0000,1.0000
61,C3: শুধু raw (outlier বাদ),0.9500,0.9283
61,C4: শুধু log (outlier বাদ),0.9500,0.9283
61,C5: শুধু raw (outlier বাদ নয়),0.9500,0.9283
61,C6: শুধু log (outlier বাদ নয়),0.9500,0.9283
61,C7: raw+log (outlier বাদ নয়),0.9500,0.9283
61,C8: শুধু moisture (temp বাদ),0.9500,0.9283
62,"C1: পেপারের মতো (raw+log+crop, outlier বাদ)",0.9500,0.9283
62,"C2: crop বাদ (raw+log, outlier বাদ)",0.9500,0.9283
62,C3: শুধু raw (outlier বাদ),0.9500,0.9283
62,C4: শুধু log (outlier বাদ),0.9500,0.9283
62,C5: শুধু raw (outlier বাদ নয়),0.9500,0.9283
62,C6: শুধু log (outlier বাদ নয়),0.9500,0.9283
62,C7: raw+log (outlier বাদ নয়),0.9500,0.9283
62,C8: শুধু moisture (temp বাদ),0.9500,0.9283
63,"C1: পেপারের মতো (raw+log+crop, outlier বাদ)",1.0000,1.0000
63,"C2: crop বাদ (raw+log, outlier বাদ)",1.0000,1.0000
63,C3: শুধু raw (outlier বাদ),1.0000,1.0000
63,C4: শুধু log (outlier বাদ),1.0000,1.0000
63,C5: শুধু raw (outlier বাদ নয়),1.0000,1.0000
63,C6: শুধু log (outlier বাদ নয়),1.0000,1.0000
63,C7: raw+log (outlier বাদ নয়),1.0000,1.0000
63,C8: শুধু moisture (temp বাদ),1.0000,1.0000
64,"C1: পেপারের মতো (raw+log+crop, outlier বাদ)",1.0000,1.0000
64,"C2: crop বাদ (raw+log, outlier বাদ)",1.0000,1.0000
64,C3: শুধু raw (outlier বাদ),1.0000,1.0000
64,C4: শুধু log (outlier বাদ),1.0000,1.0000
64,C5: শুধু raw (outlier বাদ নয়),1.0000,1.0000
64,C6: শুধু log (outlier বাদ নয়),1.0000,1.0000
64,C7: raw+log (outlier বাদ নয়),1.0000,1.0000
64,C8: শুধু moisture (temp বাদ),1.0000,1.0000
65,"C1: পেপারের মতো (raw+log+crop, outlier বাদ)",1.0000,1.0000
65,"C2: crop বাদ (raw+log, outlier বাদ)",1.0000,1.0000
65,C3: শুধু raw (outlier বাদ),1.0000,1.0000
65,C4: শুধু log (outlier বাদ),1.0000,1.0000
65,C5: শুধু raw (outlier বাদ নয়),1.0000,1.0000
65,C6: শুধু log (outlier বাদ নয়),1.0000,1.0000
65,C7: raw+log (outlier বাদ নয়),1.0000,1.0000
65,C8: শুধু moisture (temp বাদ),1.0000,1.0000
66,"C1: পেপারের মতো (raw+log+crop, outlier বাদ)",0.9500,0.9283
66,"C2: crop বাদ (raw+log, outlier বাদ)",0.9500,0.9283
66,C3: শুধু raw (outlier বাদ),0.9000,0.8438
66,C4: শুধু log (outlier বাদ),0.9500,0.9283
66,C5: শুধু raw (outlier বাদ নয়),0.9000,0.8438
66,C6: শুধু log (outlier বাদ নয়),0.9000,0.8438
66,C7: raw+log (outlier বাদ নয়),0.9500,0.9283
66,C8: শুধু moisture (temp বাদ),0.9000,0.8438
67,"C1: পেপারের মতো (raw+log+crop, outlier বাদ)",1.0000,1.0000
67,"C2: crop বাদ (raw+log, outlier বাদ)",1.0000,1.0000
67,C3: শুধু raw (outlier বাদ),1.0000,1.0000
67,C4: শুধু log (outlier বাদ),1.0000,1.0000
67,C5: শুধু raw (outlier বাদ নয়),1.0000,1.0000
67,C6: শুধু log (outlier বাদ নয়),1.0000,1.0000
67,C7: raw+log (outlier বাদ নয়),1.0000,1.0000
67,C8: শুধু moisture (temp বাদ),1.0000,1.0000
68,"C1: পেপারের মতো (raw+log+crop, outlier বাদ)",1.0000,1.0000
68,"C2: crop বাদ (raw+log, outlier বাদ)",1.0000,1.0000
68,C3: শুধু raw (outlier বাদ),1.0000,1.0000
68,C4: শুধু log (outlier বাদ),1.0000,1.0000
68,C5: শুধু raw (outlier বাদ নয়),1.0000,1.0000
68,C6: শুধু log (outlier বাদ নয়),1.0000,1.0000
68,C7: raw+log (outlier বাদ নয়),1.0000,1.0000
68,C8: শুধু moisture (temp বাদ),1.0000,1.0000
69,"C1: পেপারের মতো (raw+log+crop, outlier বাদ)",1.0000,1.0000
69,"C2: crop বাদ (raw+log, outlier বাদ)",1.0000,1.0000
69,C3: শুধু raw (outlier বাদ),1.0000,1.0000
69,C4: শুধু log (outlier বাদ),1.0000,1.0000
69,C5: শুধু raw (outlier বাদ নয়),1.0000,1.0000
69,C6: শুধু log (outlier বাদ নয়),1.0000,1.0000
69,C7: raw+log (outlier বাদ নয়),1.0000,1.0000
69,C8: শুধু moisture (temp বাদ),1.0000,1.0000
70,"C1: পেপারের মতো (raw+log+crop, outlier বাদ)",1.0000,1.0000
70,"C2: crop বাদ (raw+log, outlier বাদ)",1.0000,1.0000
70,C3: শুধু raw (outlier বাদ),1.0000,1.0000
70,C4: শুধু log (outlier বাদ),1.0000,1.0000
70,C5: শুধু raw (outlier বাদ নয়),1.0000,1.0000
70,C6: শুধু log (outlier বাদ নয়),1.0000,1.0000
70,C7: raw+log (outlier বাদ নয়),1.0000,1.0000
70,C8: শুধু moisture (temp বাদ),1.0000,1.0000
71,"C1: পেপারের মতো (raw+log+crop, outlier বাদ)",1.0000,1.0000
71,"C2: crop বাদ (raw+log, outlier বাদ)",1.0000,1.0000
71,C3: শুধু raw (outlier বাদ),1.0000,1.0000
71,C4: শুধু log (outlier বাদ),1.0000,1.0000
71,C5: শুধু raw (outlier বাদ নয়),1.0000,1.0000
71,C6: শুধু log (outlier বাদ নয়),1.0000,1.0000
71,C7: raw+log (outlier বাদ নয়),1.0000,1.0000
71,C8: শুধু moisture (temp বাদ),1.0000,1.0000
72,"C1: পেপারের মতো (raw+log+crop, outlier বাদ)",1.0000,1.0000
72,"C2: crop বাদ (raw+log, outlier বাদ)",1.0000,1.0000
72,C3: শুধু raw (outlier বাদ),1.0000,1.0000
72,C4: শুধু log (outlier বাদ),1.0000,1.0000
72,C5: শুধু raw (outlier বাদ নয়),1.0000,1.0000
72,C6: শুধু log (outlier বাদ নয়),1.0000,1.0000
72,C7: raw+log (outlier বাদ নয়),1.0000,1.0000
72,C8: শুধু moisture (temp বাদ),1.0000,1.0000
73,"C1: পেপারের মতো (raw+log+crop, outlier বাদ)",0.9500,0.9283
73,"C2: crop বাদ (raw+log, outlier বাদ)",0.9500,0.9283
73,C3: শুধু raw (outlier বাদ),0.9500,0.9283
73,C4: শুধু log (outlier বাদ),0.9500,0.9283
73,C5: শুধু raw (outlier বাদ নয়),0.9500,0.9283
73,C6: শুধু log (outlier বাদ নয়),0.9500,0.9283
73,C7: raw+log (outlier বাদ নয়),0.9500,0.9283
73,C8: শুধু moisture (temp বাদ),0.9500,0.9283
74,"C1: পেপারের মতো (raw+log+crop, outlier বাদ)",1.0000,1.0000
74,"C2: crop বাদ (raw+log, outlier বাদ)",1.0000,1.0000
74,C3: শুধু raw (outlier বাদ),1.0000,1.0000
74,C4: শুধু log (outlier বাদ),1.0000,1.0000
74,C5: শুধু raw (outlier বাদ নয়),1.0000,1.0000
74,C6: শুধু log (outlier বাদ নয়),1.0000,1.0000
74,C7: raw+log (outlier বাদ নয়),1.0000,1.0000
74,C8: শুধু moisture (temp বাদ),1.0000,1.0000
75,"C1: পেপারের মতো (raw+log+crop, outlier বাদ)",0.9500,0.9283
75,"C2: crop বাদ (raw+log, outlier বাদ)",0.9500,0.9283
75,C3: শুধু raw (outlier বাদ),0.9500,0.9283
75,C4: শুধু log (outlier বাদ),0.9500,0.9283
75,C5: শুধু raw (outlier বাদ নয়),0.9500,0.9283
75,C6: শুধু log (outlier বাদ নয়),0.9500,0.9283
75,C7: raw+log (outlier বাদ নয়),0.9500,0.9283
75,C8: শুধু moisture (temp বাদ),0.9500,0.9283
76,"C1: পেপারের মতো (raw+log+crop, outlier বাদ)",1.0000,1.0000
76,"C2: crop বাদ (raw+log, outlier বাদ)",1.0000,1.0000
76,C3: শুধু raw (outlier বাদ),0.9500,0.9283
76,C4: শুধু log (outlier বাদ),1.0000,1.0000
76,C5: শুধু raw (outlier বাদ নয়),0.9500,0.9283
76,C6: শুধু log (outlier বাদ নয়),0.9500,0.9283
76,C7: raw+log (outlier বাদ নয়),1.0000,1.0000
76,C8: শুধু moisture (temp বাদ),0.9500,0.9283
77,"C1: পেপারের মতো (raw+log+crop, outlier বাদ)",1.0000,1.0000
77,"C2: crop বাদ (raw+log, outlier বাদ)",1.0000,1.0000
77,C3: শুধু raw (outlier বাদ),1.0000,1.0000
77,C4: শুধু log (outlier বাদ),1.0000,1.0000
77,C5: শুধু raw (outlier বাদ নয়),1.0000,1.0000
77,C6: শুধু log (outlier বাদ নয়),1.0000,1.0000
77,C7: raw+log (outlier বাদ নয়),1.0000,1.0000
77,C8: শুধু moisture (temp বাদ),1.0000,1.0000
78,"C1: পেপারের মতো (raw+log+crop, outlier বাদ)",1.0000,1.0000
78,"C2: crop বাদ (raw+log, outlier বাদ)",1.0000,1.0000
78,C3: শুধু raw (outlier বাদ),0.9500,0.9283
78,C4: শুধু log (outlier বাদ),1.0000,1.0000
78,C5: শুধু raw (outlier বাদ নয়),0.9500,0.9283
78,C6: শুধু log (outlier বাদ নয়),0.9500,0.9283
78,C7: raw+log (outlier বাদ নয়),1.0000,1.0000
78,C8: শুধু moisture (temp বাদ),0.9500,0.9283
79,"C1: পেপারের মতো (raw+log+crop, outlier বাদ)",0.9500,0.9283
79,"C2: crop বাদ (raw+log, outlier বাদ)",0.9500,0.9283
79,C3: শুধু raw (outlier বাদ),0.9500,0.9283
79,C4: শুধু log (outlier বাদ),0.9500,0.9283
79,C5: শুধু raw (outlier বাদ নয়),0.9500,0.9283
79,C6: শুধু log (outlier বাদ নয়),0.9500,0.9283
79,C7: raw+log (outlier বাদ নয়),0.9500,0.9283
79,C8: শুধু moisture (temp বাদ),0.9500,0.9283
80,"C1: পেপারের মতো (raw+log+crop, outlier বাদ)",0.9000,0.8438
80,"C2: crop বাদ (raw+log, outlier বাদ)",0.9000,0.8438
80,C3: শুধু raw (outlier বাদ),0.9000,0.8438
80,C4: শুধু log (outlier বাদ),0.9000,0.8438
80,C5: শুধু raw (outlier বাদ নয়),0.9000,0.8438
80,C6: শুধু log (outlier বাদ নয়),0.9000,0.8438
80,C7: raw+log (outlier বাদ নয়),0.9000,0.8438
80,C8: শুধু moisture (temp বাদ),0.9000,0.8438
81,"C1: পেপারের মতো (raw+log+crop, outlier বাদ)",1.0000,1.0000
81,"C2: crop বাদ (raw+log, outlier বাদ)",1.0000,1.0000
81,C3: শুধু raw (outlier বাদ),0.9500,0.9283
81,C4: শুধু log (outlier বাদ),1.0000,1.0000
81,C5: শুধু raw (outlier বাদ নয়),0.9500,0.9283
81,C6: শুধু log (outlier বাদ নয়),0.9500,0.9283
81,C7: raw+log (outlier বাদ নয়),1.0000,1.0000
81,C8: শুধু moisture (temp বাদ),0.9500,0.9283
82,"C1: পেপারের মতো (raw+log+crop, outlier বাদ)",1.0000,1.0000
82,"C2: crop বাদ (raw+log, outlier বাদ)",1.0000,1.0000
82,C3: শুধু raw (outlier বাদ),1.0000,1.0000
82,C4: শুধু log (outlier বাদ),1.0000,1.0000
82,C5: শুধু raw (outlier বাদ নয়),1.0000,1.0000
82,C6: শুধু log (outlier বাদ নয়),1.0000,1.0000
82,C7: raw+log (outlier বাদ নয়),1.0000,1.0000
82,C8: শুধু moisture (temp বাদ),1.0000,1.0000
83,"C1: পেপারের মতো (raw+log+crop, outlier বাদ)",1.0000,1.0000
83,"C2: crop বাদ (raw+log, outlier বাদ)",1.0000,1.0000
83,C3: শুধু raw (outlier বাদ),1.0000,1.0000
83,C4: শুধু log (outlier বাদ),1.0000,1.0000
83,C5: শুধু raw (outlier বাদ নয়),0.9500,0.9283
83,C6: শুধু log (outlier বাদ নয়),1.0000,1.0000
83,C7: raw+log (outlier বাদ নয়),1.0000,1.0000
83,C8: শুধু moisture (temp বাদ),0.9500,0.9283
84,"C1: পেপারের মতো (raw+log+crop, outlier বাদ)",1.0000,1.0000
84,"C2: crop বাদ (raw+log, outlier বাদ)",1.0000,1.0000
84,C3: শুধু raw (outlier বাদ),1.0000,1.0000
84,C4: শুধু log (outlier বাদ),1.0000,1.0000
84,C5: শুধু raw (outlier বাদ নয়),1.0000,1.0000
84,C6: শুধু log (outlier বাদ নয়),1.0000,1.0000
84,C7: raw+log (outlier বাদ নয়),1.0000,1.0000
84,C8: শুধু moisture (temp বাদ),1.0000,1.0000
85,"C1: পেপারের মতো (raw+log+crop, outlier বাদ)",1.0000,1.0000
85,"C2: crop বাদ (raw+log, outlier বাদ)",1.0000,1.0000
85,C3: শুধু raw (outlier বাদ),1.0000,1.0000
85,C4: শুধু log (outlier বাদ),1.0000,1.0000
85,C5: শুধু raw (outlier বাদ নয়),1.0000,1.0000
85,C6: শুধু log (outlier বাদ নয়),1.0000,1.0000
85,C7: raw+log (outlier বাদ নয়),1.0000,1.0000
85,C8: শুধু moisture (temp বাদ),1.0000,1.0000
86,"C1: পেপারের মতো (raw+log+crop, outlier বাদ)",1.0000,1.0000
86,"C2: crop বাদ (raw+log, outlier বাদ)",1.0000,1.0000
86,C3: শুধু raw (outlier বাদ),1.0000,1.0000
86,C4: শুধু log (outlier বাদ),1.0000,1.0000
86,C5: শুধু raw (outlier বাদ নয়),1.0000,1.0000
86,C6: শুধু log (outlier বাদ নয়),1.0000,1.0000
86,C7: raw+log (outlier বাদ নয়),1.0000,1.0000
86,C8: শুধু moisture (temp বাদ),1.0000,1.0000
87,"C1: পেপারের মতো (raw+log+crop, outlier বাদ)",1.0000,1.0000
87,"C2: crop বাদ (raw+log, outlier বাদ)",1.0000,1.0000
87,C3: শুধু raw (outlier বাদ),1.0000,1.0000
87,C4: শুধু log (outlier বাদ),1.0000,1.0000
87,C5: শুধু raw (outlier বাদ নয়),1.0000,1.0000
87,C6: শুধু log (outlier বাদ নয়),1.0000,1.0000
87,C7: raw+log (outlier বাদ নয়),1.0000,1.0000
87,C8: শুধু moisture (temp বাদ),1.0000,1.0000
88,"C1: পেপারের মতো (raw+log+crop, outlier বাদ)",1.0000,1.0000
88,"C2: crop বাদ (raw+log, outlier বাদ)",1.0000,1.0000
88,C3: শুধু raw (outlier বাদ),1.0000,1.0000
88,C4: শুধু log (outlier বাদ),1.0000,1.0000
88,C5: শুধু raw (outlier বাদ নয়),1.0000,1.0000
88,C6: শুধু log (outlier বাদ নয়),1.0000,1.0000
88,C7: raw+log (outlier বাদ নয়),1.0000,1.0000
88,C8: শুধু moisture (temp বাদ),1.0000,1.0000
89,"C1: পেপারের মতো (raw+log+crop, outlier বাদ)",0.9500,0.9283
89,"C2: crop বাদ (raw+log, outlier বাদ)",0.9500,0.9283
89,C3: শুধু raw (outlier বাদ),0.9500,0.9283
89,C4: শুধু log (outlier বাদ),0.9500,0.9283
89,C5: শুধু raw (outlier বাদ নয়),0.9500,0.9283
89,C6: শুধু log (outlier বাদ নয়),0.9500,0.9283
89,C7: raw+log (outlier বাদ নয়),0.9500,0.9283
89,C8: শুধু moisture (temp বাদ),0.9500,0.9283
90,"C1: পেপারের মতো (raw+log+crop, outlier বাদ)",1.0000,1.0000
90,"C2: crop বাদ (raw+log, outlier বাদ)",1.0000,1.0000
90,C3: শুধু raw (outlier বাদ),0.9500,0.9283
90,C4: শুধু log (outlier বাদ),1.0000,1.0000
90,C5: শুধু raw (outlier বাদ নয়),0.9500,0.9283
90,C6: শুধু log (outlier বাদ নয়),1.0000,1.0000
90,C7: raw+log (outlier বাদ নয়),1.0000,1.0000
90,C8: শুধু moisture (temp বাদ),0.9500,0.9283
91,"C1: পেপারের মতো (raw+log+crop, outlier বাদ)",0.9500,0.9283
91,"C2: crop বাদ (raw+log, outlier বাদ)",0.9500,0.9283
91,C3: শুধু raw (outlier বাদ),0.9500,0.9283
91,C4: শুধু log (outlier বাদ),0.9500,0.9283
91,C5: শুধু raw (outlier বাদ নয়),0.9500,0.9283
91,C6: শুধু log (outlier বাদ নয়),0.9500,0.9283
91,C7: raw+log (outlier বাদ নয়),0.9500,0.9283
91,C8: শুধু moisture (temp বাদ),0.9500,0.9283
92,"C1: পেপারের মতো (raw+log+crop, outlier বাদ)",1.0000,1.0000
92,"C2: crop বাদ (raw+log, outlier বাদ)",1.0000,1.0000
92,C3: শুধু raw (outlier বাদ),1.0000,1.0000
92,C4: শুধু log (outlier বাদ),1.0000,1.0000
92,C5: শুধু raw (outlier বাদ নয়),1.0000,1.0000
92,C6: শুধু log (outlier বাদ নয়),1.0000,1.0000
92,C7: raw+log (outlier বাদ নয়),1.0000,1.0000
92,C8: শুধু moisture (temp বাদ),1.0000,1.0000
93,"C1: পেপারের মতো (raw+log+crop, outlier বাদ)",0.9500,0.9283
93,"C2: crop বাদ (raw+log, outlier বাদ)",0.9500,0.9283
93,C3: শুধু raw (outlier বাদ),0.9500,0.9283
93,C4: শুধু log (outlier বাদ),0.9500,0.9283
93,C5: শুধু raw (outlier বাদ নয়),0.9500,0.9283
93,C6: শুধু log (outlier বাদ নয়),0.9500,0.9283
93,C7: raw+log (outlier বাদ নয়),0.9500,0.9283
93,C8: শুধু moisture (temp বাদ),0.9500,0.9283
94,"C1: পেপারের মতো (raw+log+crop, outlier বাদ)",1.0000,1.0000
94,"C2: crop বাদ (raw+log, outlier বাদ)",1.0000,1.0000
94,C3: শুধু raw (outlier বাদ),0.9500,0.9283
94,C4: শুধু log (outlier বাদ),1.0000,1.0000
94,C5: শুধু raw (outlier বাদ নয়),0.9500,0.9283
94,C6: শুধু log (outlier বাদ নয়),0.9500,0.9283
94,C7: raw+log (outlier বাদ নয়),1.0000,1.0000
94,C8: শুধু moisture (temp বাদ),0.9500,0.9283
95,"C1: পেপারের মতো (raw+log+crop, outlier বাদ)",0.9500,0.9283
95,"C2: crop বাদ (raw+log, outlier বাদ)",0.9500,0.9283
95,C3: শুধু raw (outlier বাদ),0.9500,0.9283
95,C4: শুধু log (outlier বাদ),0.9500,0.9283
95,C5: শুধু raw (outlier বাদ নয়),0.9500,0.9283
95,C6: শুধু log (outlier বাদ নয়),0.9500,0.9283
95,C7: raw+log (outlier বাদ নয়),0.9500,0.9283
95,C8: শুধু moisture (temp বাদ),0.9500,0.9283
96,"C1: পেপারের মতো (raw+log+crop, outlier বাদ)",1.0000,1.0000
96,"C2: crop বাদ (raw+log, outlier বাদ)",1.0000,1.0000
96,C3: শুধু raw (outlier বাদ),1.0000,1.0000
96,C4: শুধু log (outlier বাদ),1.0000,1.0000
96,C5: শুধু raw (outlier বাদ নয়),1.0000,1.0000
96,C6: শুধু log (outlier বাদ নয়),1.0000,1.0000
96,C7: raw+log (outlier বাদ নয়),1.0000,1.0000
96,C8: শুধু moisture (temp বাদ),1.0000,1.0000
97,"C1: পেপারের মতো (raw+log+crop, outlier বাদ)",1.0000,1.0000
97,"C2: crop বাদ (raw+log, outlier বাদ)",1.0000,1.0000
97,C3: শুধু raw (outlier বাদ),1.0000,1.0000
97,C4: শুধু log (outlier বাদ),1.0000,1.0000
97,C5: শুধু raw (outlier বাদ নয়),1.0000,1.0000
97,C6: শুধু log (outlier বাদ নয়),1.0000,1.0000
97,C7: raw+log (outlier বাদ নয়),1.0000,1.0000
97,C8: শুধু moisture (temp বাদ),1.0000,1.0000
98,"C1: পেপারের মতো (raw+log+crop, outlier বাদ)",1.0000,1.0000
98,"C2: crop বাদ (raw+log, outlier বাদ)",1.0000,1.0000
98,C3: শুধু raw (outlier বাদ),1.0000,1.0000
98,C4: শুধু log (outlier বাদ),1.0000,1.0000
98,C5: শুধু raw (outlier বাদ নয়),1.0000,1.0000
98,C6: শুধু log (outlier বাদ নয়),1.0000,1.0000
98,C7: raw+log (outlier বাদ নয়),1.0000,1.0000
98,C8: শুধু moisture (temp বাদ),1.0000,1.0000
99,"C1: পেপারের মতো (raw+log+crop, outlier বাদ)",1.0000,1.0000
99,"C2: crop বাদ (raw+log, outlier বাদ)",1.0000,1.0000
99,C3: শুধু raw (outlier বাদ),1.0000,1.0000
99,C4: শুধু log (outlier বাদ),1.0000,1.0000
99,C5: শুধু raw (outlier বাদ নয়),1.0000,1.0000
99,C6: শুধু log (outlier বাদ নয়),1.0000,1.0000
99,C7: raw+log (outlier বাদ নয়),1.0000,1.0000
99,C8: শুধু moisture (temp বাদ),1.0000,1.0000
