model,noise_0%,noise_2%,noise_5%,noise_10%
Threshold rule,0.9988 ± 0.0065,0.983 ± 0.0184,0.966 ± 0.0265,0.938 ± 0.0417
Gaussian NB,0.9828 ± 0.02,0.9777 ± 0.0204,0.9658 ± 0.0279,0.942 ± 0.0344
Logistic Regression,0.9732 ± 0.0262,0.9705 ± 0.0281,0.9645 ± 0.0298,0.9428 ± 0.0332
Decision Tree,0.9985 ± 0.0069,0.98 ± 0.0191,0.9558 ± 0.0359,0.9195 ± 0.0427
KNN (k=5),0.965 ± 0.0273,0.9632 ± 0.0269,0.9572 ± 0.0316,0.9318 ± 0.0369
SVM (RBF),0.9692 ± 0.0248,0.9692 ± 0.0258,0.9628 ± 0.0285,0.94 ± 0.0328
Random Forest,0.9985 ± 0.0086,0.9812 ± 0.0182,0.9622 ± 0.0303,0.9362 ± 0.036
Rule (fixed 450),0.975 ± 0.0233,0.974 ± 0.0238,0.966 ± 0.0296,0.9445 ± 0.0342
Rule (fixed 550),0.94 ± 0.0322,0.945 ± 0.0348,0.9362 ± 0.0349,0.9085 ± 0.0418
