test_year,model,accuracy,balanced_accuracy,precision,recall,f1,roc_auc,pr_auc
2000,Always 'no irrigation',0.8235,0.5000,0.0000,0.0000,0.0000,0.5000,0.1765
2000,Deficit threshold rule,0.5662,0.5402,0.2034,0.5000,0.2892,0.6265,0.4378
2000,Gaussian NB,0.5735,0.6592,0.2639,0.7917,0.3958,0.6603,0.2662
2000,Logistic Regression,0.4926,0.5283,0.1918,0.5833,0.2887,0.6138,0.2731
2000,Decision Tree,0.6176,0.6042,0.2500,0.5833,0.3500,0.6326,0.2370
2000,KNN (k=5),0.8235,0.5327,0.5000,0.0833,0.1429,0.5783,0.2563
2000,SVM (RBF),0.6397,0.6830,0.2951,0.7500,0.4235,0.7310,0.4497
2000,Random Forest,0.7794,0.5551,0.3125,0.2083,0.2500,0.6734,0.3333
2001,Always 'no irrigation',0.8750,0.5000,0.0000,0.0000,0.0000,0.5000,0.1250
2001,Deficit threshold rule,0.6360,0.5273,0.1429,0.3824,0.2080,0.5954,0.1406
2001,Gaussian NB,0.5846,0.6996,0.2117,0.8529,0.3392,0.8209,0.4138
2001,Logistic Regression,0.6066,0.7122,0.2214,0.8529,0.3515,0.8353,0.5151
2001,Decision Tree,0.6324,0.7269,0.2339,0.8529,0.3671,0.7637,0.2753
2001,KNN (k=5),0.8346,0.4895,0.0769,0.0294,0.0426,0.7469,0.2412
2001,SVM (RBF),0.6434,0.7458,0.2439,0.8824,0.3822,0.7569,0.2736
2001,Random Forest,0.8235,0.6471,0.3333,0.4118,0.3684,0.8178,0.3025
2002,Always 'no irrigation',0.8676,0.5000,0.0000,0.0000,0.0000,0.5000,0.1324
2002,Deficit threshold rule,0.6728,0.5407,0.1646,0.3611,0.2261,0.5621,0.1488
2002,Gaussian NB,0.7132,0.5993,0.2162,0.4444,0.2909,0.6182,0.2253
2002,Logistic Regression,0.7574,0.6483,0.2727,0.5000,0.3529,0.6511,0.2701
2002,Decision Tree,0.6691,0.6445,0.2245,0.6111,0.3284,0.6206,0.1948
2002,KNN (k=5),0.8382,0.4948,0.1000,0.0278,0.0435,0.5842,0.1606
2002,SVM (RBF),0.6544,0.6361,0.2157,0.6111,0.3188,0.6730,0.2659
2002,Random Forest,0.8346,0.5398,0.2632,0.1389,0.1818,0.6063,0.2064
2008,Always 'no irrigation',0.8897,0.5000,0.0000,0.0000,0.0000,0.5000,0.1103
2008,Deficit threshold rule,0.6838,0.6179,0.1818,0.5333,0.2712,0.6609,0.1499
2008,Gaussian NB,0.7647,0.6780,0.2500,0.5667,0.3469,0.7468,0.2900
2008,Logistic Regression,0.7574,0.6592,0.2353,0.5333,0.3265,0.7528,0.3189
2008,Decision Tree,0.6581,0.7056,0.2110,0.7667,0.3309,0.7468,0.2061
2008,KNN (k=5),0.8787,0.5230,0.2857,0.0667,0.1081,0.6473,0.1741
2008,SVM (RBF),0.7831,0.7905,0.3117,0.8000,0.4486,0.8554,0.4341
2008,Random Forest,0.8456,0.6358,0.3235,0.3667,0.3438,0.8519,0.3878
2010,Always 'no irrigation',0.8860,0.5000,0.0000,0.0000,0.0000,0.5000,0.1140
2010,Deficit threshold rule,0.4449,0.5321,0.1250,0.6452,0.2094,0.6470,0.2460
2010,Gaussian NB,0.7022,0.5790,0.1711,0.4194,0.2430,0.6247,0.2308
2010,Logistic Regression,0.5809,0.5527,0.1391,0.5161,0.2192,0.5523,0.1383
2010,Decision Tree,0.5404,0.5861,0.1493,0.6452,0.2424,0.5456,0.1461
2010,KNN (k=5),0.8493,0.4933,0.0833,0.0323,0.0465,0.5425,0.1254
2010,SVM (RBF),0.5772,0.5225,0.1250,0.4516,0.1958,0.5250,0.1704
2010,Random Forest,0.8015,0.5085,0.1290,0.1290,0.1290,0.6221,0.1684
2012,Always 'no irrigation',0.8603,0.5000,0.0000,0.0000,0.0000,0.5000,0.1397
2012,Deficit threshold rule,0.6029,0.6700,0.2266,0.7632,0.3494,0.7593,0.3563
2012,Gaussian NB,0.5772,0.6000,0.1920,0.6316,0.2945,0.6309,0.2078
2012,Logistic Regression,0.4853,0.5796,0.1731,0.7105,0.2784,0.5922,0.2209
2012,Decision Tree,0.5478,0.5829,0.1805,0.6316,0.2807,0.6212,0.2007
2012,KNN (k=5),0.7868,0.5565,0.2368,0.2368,0.2368,0.6141,0.1884
2012,SVM (RBF),0.5956,0.6658,0.2231,0.7632,0.3452,0.7330,0.2866
2012,Random Forest,0.7463,0.5770,0.2281,0.3421,0.2737,0.7255,0.2383
2020,Always 'no irrigation',0.8640,0.5000,0.0000,0.0000,0.0000,0.5000,0.1360
2020,Deficit threshold rule,0.5239,0.6220,0.1886,0.7568,0.3019,0.6924,0.2311
2020,Gaussian NB,0.5735,0.6336,0.2008,0.7162,0.3136,0.6670,0.2366
2020,Logistic Regression,0.5717,0.6212,0.1954,0.6892,0.3045,0.6821,0.2725
2020,Decision Tree,0.6636,0.6175,0.2147,0.5541,0.3094,0.6328,0.1937
2020,KNN (k=5),0.8254,0.5517,0.2766,0.1757,0.2149,0.6328,0.1941
2020,SVM (RBF),0.5772,0.5788,0.1777,0.5811,0.2722,0.6219,0.1839
2020,Random Forest,0.7868,0.5749,0.2500,0.2838,0.2658,0.6669,0.2085
2021,Always 'no irrigation',0.9026,0.5000,0.0000,0.0000,0.0000,0.5000,0.0974
2021,Deficit threshold rule,0.3879,0.6272,0.1296,0.9245,0.2274,0.6521,0.1434
2021,Gaussian NB,0.6287,0.6007,0.1435,0.5660,0.2290,0.6674,0.2452
2021,Logistic Regression,0.6489,0.6624,0.1714,0.6792,0.2738,0.7139,0.2871
2021,Decision Tree,0.5460,0.6222,0.1407,0.7170,0.2353,0.6679,0.1832
2021,KNN (k=5),0.8658,0.5217,0.1667,0.0943,0.1205,0.5970,0.1293
2021,SVM (RBF),0.6195,0.6041,0.1435,0.5849,0.2305,0.6450,0.1712
2021,Random Forest,0.8107,0.5921,0.2024,0.3208,0.2482,0.6661,0.2080
